Stock ID,Date,Blood Group,Opening Stock (units),Demand/Requests,Collected (units),Issued/Used (units)
BS001,2026-09-01,A+,42,30,18,26
BS002,2026-09-02,B+,35,28,15,22
BS003,2026-09-03,O+,27,34,12,31
BS004,2026-09-04,O-,14,18,6,17
BS005,2026-09-05,AB+,20,15,8,12
BS006,2026-09-06,A-,16,19,7,15
BS007,2026-09-07,B-,12,17,5,14
BS008,2026-09-08,O+,21,37,10,29
BS009,2026-09-09,A+,34,25,14,20
BS010,2026-09-10,B+,29,31,13,27
BS011,2026-09-11,O-,11,20,5,18
BS012,2026-09-12,AB+,24,18,9,15
BS013,2026-09-13,A-,18,22,8,17
BS014,2026-09-14,B-,15,21,6,19
BS015,2026-09-15,O+,17,39,9,34
BS016,2026-09-16,A+,31,27,12,23
BS017,2026-09-17,B+,25,33,11,28
BS018,2026-09-18,O-,9,22,4,20
BS019,2026-09-19,AB+,19,16,7,13
BS020,2026-09-20,O+,13,41,8,37
BS0021,2026-09-21,A+,20,15,3,15
BS0022,2026-09-21,B+,8,22,10,18
BS0023,2026-09-21,O+,0,22,13,13
BS0024,2026-09-21,O-,0,37,15,15
BS0025,2026-09-21,AB+,13,39,14,27
BS0026,2026-09-21,A-,9,38,13,22
BS0027,2026-09-21,B-,2,19,5,7
BS0028,2026-09-21,AB-,35,34,17,34
BS0029,2026-09-22,A+,8,30,12,20
BS0030,2026-09-22,B+,0,13,11,11
BS0031,2026-09-22,O+,0,37,13,13
BS0032,2026-09-22,O-,0,25,8,8
BS0033,2026-09-22,AB+,0,19,5,5
BS0034,2026-09-22,A-,0,38,11,11
BS0035,2026-09-22,B-,0,24,7,7
BS0036,2026-09-22,AB-,18,37,3,21
BS0037,2026-09-23,A+,0,24,18,18
BS0038,2026-09-23,B+,0,15,6,6
BS0039,2026-09-23,O+,0,29,8,8
BS0040,2026-09-23,O-,0,31,7,7
BS0041,2026-09-23,AB+,0,16,17,16
BS0042,2026-09-23,A-,0,41,15,15
BS0043,2026-09-23,B-,0,30,6,6
BS0044,2026-09-23,AB-,0,25,18,18
BS0045,2026-09-24,A+,0,28,12,12
BS0046,2026-09-24,B+,0,23,17,17
BS0047,2026-09-24,O+,0,20,9,9
BS0048,2026-09-24,O-,0,23,8,8
BS0049,2026-09-24,AB+,1,18,4,5
BS0050,2026-09-24,A-,0,24,6,6
BS0051,2026-09-24,B-,0,26,10,10
BS0052,2026-09-24,AB-,0,30,6,6
BS0053,2026-09-25,A+,0,34,18,18
BS0054,2026-09-25,B+,0,24,12,12
BS0055,2026-09-25,O+,0,22,8,8
BS0056,2026-09-25,O-,0,34,10,10
BS0057,2026-09-25,AB+,0,25,3,3
BS0058,2026-09-25,A-,0,36,12,12
BS0059,2026-09-25,B-,0,23,15,15
BS0060,2026-09-25,AB-,0,11,15,11
BS0061,2026-09-26,A+,0,27,15,15
BS0062,2026-09-26,B+,0,33,10,10
BS0063,2026-09-26,O+,0,13,5,5
BS0064,2026-09-26,O-,0,24,18,18
BS0065,2026-09-26,AB+,0,11,7,7
BS0066,2026-09-26,A-,0,33,14,14
BS0067,2026-09-26,B-,0,20,9,9
BS0068,2026-09-26,AB-,4,30,9,13
BS0069,2026-09-27,A+,0,35,11,11
BS0070,2026-09-27,B+,0,41,17,17
BS0071,2026-09-27,O+,0,30,7,7
BS0072,2026-09-27,O-,0,13,18,13
BS0073,2026-09-27,AB+,0,10,3,3
BS0074,2026-09-27,A-,0,42,7,7
BS0075,2026-09-27,B-,0,32,3,3
BS0076,2026-09-27,AB-,0,12,4,4
BS0077,2026-09-28,A+,0,10,16,10
BS0078,2026-09-28,B+,0,40,10,10
BS0079,2026-09-28,O+,0,29,10,10
BS0080,2026-09-28,O-,5,28,17,22
BS0081,2026-09-28,AB+,0,40,5,5
BS0082,2026-09-28,A-,0,18,18,18
BS0083,2026-09-28,B-,0,35,12,12
BS0084,2026-09-28,AB-,0,12,13,12
BS0085,2026-09-29,A+,6,28,15,21
BS0086,2026-09-29,B+,0,42,6,6
BS0087,2026-09-29,O+,0,29,14,14
BS0088,2026-09-29,O-,0,25,5,5
BS0089,2026-09-29,AB+,0,30,5,5
BS0090,2026-09-29,A-,0,14,15,14
BS0091,2026-09-29,B-,0,12,7,7
BS0092,2026-09-29,AB-,1,29,16,17
BS0093,2026-09-30,A+,0,30,18,18
BS0094,2026-09-30,B+,0,10,13,10
BS0095,2026-09-30,O+,0,21,12,12
BS0096,2026-09-30,O-,0,37,5,5
BS0097,2026-09-30,AB+,0,19,8,8
BS0098,2026-09-30,A-,1,23,4,5
BS0099,2026-09-30,B-,0,28,9,9
BS0100,2026-09-30,AB-,0,40,11,11
BS0101,2026-10-01,A+,0,31,18,18
BS0102,2026-10-01,B+,3,34,8,11
BS0103,2026-10-01,O+,0,20,16,16
BS0104,2026-10-01,O-,0,12,4,4
BS0105,2026-10-01,AB+,0,31,7,7
BS0106,2026-10-01,A-,0,18,10,10
BS0107,2026-10-01,B-,0,28,6,6
BS0108,2026-10-01,AB-,0,40,14,14
BS0109,2026-10-02,A+,0,34,10,10
BS0110,2026-10-02,B+,0,12,6,6
BS0111,2026-10-02,O+,0,31,14,14
BS0112,2026-10-02,O-,0,41,16,16
BS0113,2026-10-02,AB+,0,21,14,14
BS0114,2026-10-02,A-,0,29,12,12
BS0115,2026-10-02,B-,0,23,5,5
BS0116,2026-10-02,AB-,0,10,8,8
BS0117,2026-10-03,A+,0,41,6,6
BS0118,2026-10-03,B+,0,11,4,4
BS0119,2026-10-03,O+,0,22,12,12
BS0120,2026-10-03,O-,0,35,7,7
BS0121,2026-10-03,AB+,0,40,8,8
BS0122,2026-10-03,A-,0,11,12,11
BS0123,2026-10-03,B-,0,17,13,13
BS0124,2026-10-03,AB-,0,14,5,5
BS0125,2026-10-04,A+,0,36,7,7
BS0126,2026-10-04,B+,0,14,5,5
BS0127,2026-10-04,O+,0,35,16,16
BS0128,2026-10-04,O-,0,19,10,10
BS0129,2026-10-04,AB+,0,17,10,10
BS0130,2026-10-04,A-,1,18,8,9
BS0131,2026-10-04,B-,0,11,11,11
BS0132,2026-10-04,AB-,0,28,3,3
BS0133,2026-10-05,A+,0,13,14,13
BS0134,2026-10-05,B+,0,21,6,6
BS0135,2026-10-05,O+,0,21,10,10
BS0136,2026-10-05,O-,0,32,18,18
BS0137,2026-10-05,AB+,0,40,11,11
BS0138,2026-10-05,A-,0,38,16,16
BS0139,2026-10-05,B-,0,15,7,7
BS0140,2026-10-05,AB-,0,40,7,7
BS0141,2026-10-06,A+,1,33,5,6
BS0142,2026-10-06,B+,0,17,16,16
BS0143,2026-10-06,O+,0,42,14,14
BS0144,2026-10-06,O-,0,36,13,13
BS0145,2026-10-06,AB+,0,34,14,14
BS0146,2026-10-06,A-,0,17,13,13
BS0147,2026-10-06,B-,0,20,11,11
BS0148,2026-10-06,AB-,0,42,11,11
BS0149,2026-10-07,A+,0,25,14,14
BS0150,2026-10-07,B+,0,26,13,13
BS0151,2026-10-07,O+,0,26,9,9
BS0152,2026-10-07,O-,0,29,5,5
BS0153,2026-10-07,AB+,0,19,18,18
BS0154,2026-10-07,A-,0,37,15,15
BS0155,2026-10-07,B-,0,31,3,3
BS0156,2026-10-07,AB-,0,38,14,14
BS0157,2026-10-08,A+,0,35,13,13
BS0158,2026-10-08,B+,0,27,4,4
BS0159,2026-10-08,O+,0,17,16,16
BS0160,2026-10-08,O-,0,16,17,16
BS0161,2026-10-08,AB+,0,16,7,7
BS0162,2026-10-08,A-,0,17,7,7
BS0163,2026-10-08,B-,0,23,14,14
BS0164,2026-10-08,AB-,0,13,7,7
BS0165,2026-10-09,A+,0,18,9,9
BS0166,2026-10-09,B+,0,25,12,12
BS0167,2026-10-09,O+,0,15,5,5
BS0168,2026-10-09,O-,1,30,10,11
BS0169,2026-10-09,AB+,0,31,17,17
BS0170,2026-10-09,A-,0,39,9,9
BS0171,2026-10-09,B-,0,20,11,11
BS0172,2026-10-09,AB-,0,13,18,13
BS0173,2026-10-10,A+,0,28,7,7
BS0174,2026-10-10,B+,0,31,3,3
BS0175,2026-10-10,O+,0,16,16,16
BS0176,2026-10-10,O-,0,28,12,12
BS0177,2026-10-10,AB+,0,26,11,11
BS0178,2026-10-10,A-,0,26,7,7
BS0179,2026-10-10,B-,0,32,14,14
BS0180,2026-10-10,AB-,5,23,9,14
BS0181,2026-10-11,A+,0,35,3,3
BS0182,2026-10-11,B+,0,38,18,18
BS0183,2026-10-11,O+,0,26,11,11
BS0184,2026-10-11,O-,0,21,3,3
BS0185,2026-10-11,AB+,0,26,8,8
BS0186,2026-10-11,A-,0,37,4,4
BS0187,2026-10-11,B-,0,17,11,11
BS0188,2026-10-11,AB-,0,10,5,5
BS0189,2026-10-12,A+,0,13,3,3
BS0190,2026-10-12,B+,0,17,12,12
BS0191,2026-10-12,O+,0,34,3,3
BS0192,2026-10-12,O-,0,11,17,11
BS0193,2026-10-12,AB+,0,42,9,9
BS0194,2026-10-12,A-,0,12,18,12
BS0195,2026-10-12,B-,0,26,6,6
BS0196,2026-10-12,AB-,0,24,15,15
BS0197,2026-10-13,A+,0,31,15,15
BS0198,2026-10-13,B+,0,35,11,11
BS0199,2026-10-13,O+,0,10,17,10
BS0200,2026-10-13,O-,6,12,11,12
BS0201,2026-10-13,AB+,0,11,3,3
BS0202,2026-10-13,A-,6,26,18,24
BS0203,2026-10-13,B-,0,34,4,4
BS0204,2026-10-13,AB-,0,28,12,12
BS0205,2026-10-14,A+,0,10,12,10
BS0206,2026-10-14,B+,0,40,8,8
BS0207,2026-10-14,O+,7,23,9,16
BS0208,2026-10-14,O-,5,39,5,10
BS0209,2026-10-14,AB+,0,13,14,13
BS0210,2026-10-14,A-,0,14,17,14
BS0211,2026-10-14,B-,0,39,15,15
BS0212,2026-10-14,AB-,0,19,18,18
BS0213,2026-10-15,A+,2,27,14,16
BS0214,2026-10-15,B+,0,20,9,9
BS0215,2026-10-15,O+,0,21,8,8
BS0216,2026-10-15,O-,0,17,9,9
BS0217,2026-10-15,AB+,1,34,15,16
BS0218,2026-10-15,A-,3,12,4,7
BS0219,2026-10-15,B-,0,14,6,6
BS0220,2026-10-15,AB-,0,29,14,14
BS0221,2026-10-16,A+,0,34,10,10
BS0222,2026-10-16,B+,0,38,3,3
BS0223,2026-10-16,O+,0,27,10,10
BS0224,2026-10-16,O-,0,19,8,8
BS0225,2026-10-16,AB+,0,28,12,12
BS0226,2026-10-16,A-,0,39,10,10
BS0227,2026-10-16,B-,0,11,8,8
BS0228,2026-10-16,AB-,0,38,16,16
BS0229,2026-10-17,A+,0,26,10,10
BS0230,2026-10-17,B+,0,30,16,16
BS0231,2026-10-17,O+,0,16,3,3
BS0232,2026-10-17,O-,0,36,11,11
BS0233,2026-10-17,AB+,0,13,5,5
BS0234,2026-10-17,A-,0,22,16,16
BS0235,2026-10-17,B-,0,37,7,7
BS0236,2026-10-17,AB-,0,41,14,14
BS0237,2026-10-18,A+,0,27,4,4
BS0238,2026-10-18,B+,0,22,8,8
BS0239,2026-10-18,O+,0,25,5,5
BS0240,2026-10-18,O-,0,23,16,16
BS0241,2026-10-18,AB+,0,20,15,15
BS0242,2026-10-18,A-,0,20,9,9
BS0243,2026-10-18,B-,0,32,11,11
BS0244,2026-10-18,AB-,0,37,9,9
BS0245,2026-10-19,A+,0,37,18,18
BS0246,2026-10-19,B+,0,37,18,18
BS0247,2026-10-19,O+,0,40,9,9
BS0248,2026-10-19,O-,0,24,17,17
BS0249,2026-10-19,AB+,0,14,5,5
BS0250,2026-10-19,A-,0,18,14,14
BS0251,2026-10-19,B-,0,27,15,15
BS0252,2026-10-19,AB-,0,28,6,6
BS0253,2026-10-20,A+,0,15,12,12
BS0254,2026-10-20,B+,0,35,5,5
BS0255,2026-10-20,O+,0,34,5,5
BS0256,2026-10-20,O-,0,31,9,9
BS0257,2026-10-20,AB+,0,10,6,6
BS0258,2026-10-20,A-,0,30,7,7
BS0259,2026-10-20,B-,0,25,8,8
BS0260,2026-10-20,AB-,0,20,11,11
BS0261,2026-10-21,A+,0,31,6,6
BS0262,2026-10-21,B+,0,20,15,15
BS0263,2026-10-21,O+,0,35,9,9
BS0264,2026-10-21,O-,0,28,9,9
BS0265,2026-10-21,AB+,0,38,9,9
BS0266,2026-10-21,A-,0,20,18,18
BS0267,2026-10-21,B-,0,17,17,17
BS0268,2026-10-21,AB-,0,20,4,4
BS0269,2026-10-22,A+,0,37,9,9
BS0270,2026-10-22,B+,0,18,18,18
BS0271,2026-10-22,O+,0,14,6,6
BS0272,2026-10-22,O-,0,17,8,8
BS0273,2026-10-22,AB+,0,17,16,16
BS0274,2026-10-22,A-,0,16,3,3
BS0275,2026-10-22,B-,0,27,18,18
BS0276,2026-10-22,AB-,0,14,3,3
BS0277,2026-10-23,A+,0,24,10,10
BS0278,2026-10-23,B+,0,30,6,6
BS0279,2026-10-23,O+,0,40,11,11
BS0280,2026-10-23,O-,0,28,5,5
BS0281,2026-10-23,AB+,0,34,3,3
BS0282,2026-10-23,A-,0,19,12,12
BS0283,2026-10-23,B-,0,22,4,4
BS0284,2026-10-23,AB-,0,20,13,13
BS0285,2026-10-24,A+,0,19,9,9
BS0286,2026-10-24,B+,0,28,12,12
BS0287,2026-10-24,O+,0,29,17,17
BS0288,2026-10-24,O-,0,31,7,7
BS0289,2026-10-24,AB+,0,23,17,17
BS0290,2026-10-24,A-,0,28,3,3
BS0291,2026-10-24,B-,0,31,6,6
BS0292,2026-10-24,AB-,0,32,14,14
BS0293,2026-10-25,A+,0,12,8,8
BS0294,2026-10-25,B+,0,38,6,6
BS0295,2026-10-25,O+,0,38,4,4
BS0296,2026-10-25,O-,0,22,14,14
BS0297,2026-10-25,AB+,0,23,9,9
BS0298,2026-10-25,A-,0,40,15,15
BS0299,2026-10-25,B-,0,28,18,18
BS0300,2026-10-25,AB-,0,21,12,12
BS0301,2026-10-26,A+,0,10,4,4
BS0302,2026-10-26,B+,0,37,12,12
BS0303,2026-10-26,O+,0,36,17,17
BS0304,2026-10-26,O-,0,40,6,6
BS0305,2026-10-26,AB+,0,20,14,14
BS0306,2026-10-26,A-,0,11,17,11
BS0307,2026-10-26,B-,0,39,13,13
BS0308,2026-10-26,AB-,0,33,4,4
BS0309,2026-10-27,A+,0,12,3,3
BS0310,2026-10-27,B+,0,24,4,4
BS0311,2026-10-27,O+,0,14,17,14
BS0312,2026-10-27,O-,0,10,7,7
BS0313,2026-10-27,AB+,0,23,6,6
BS0314,2026-10-27,A-,6,24,14,20
BS0315,2026-10-27,B-,0,25,12,12
BS0316,2026-10-27,AB-,0,13,10,10
BS0317,2026-10-28,A+,0,19,16,16
BS0318,2026-10-28,B+,0,11,15,11
BS0319,2026-10-28,O+,3,17,18,17
BS0320,2026-10-28,O-,0,11,12,11
BS0321,2026-10-28,AB+,0,41,7,7
BS0322,2026-10-28,A-,0,38,6,6
BS0323,2026-10-28,B-,0,31,8,8
BS0324,2026-10-28,AB-,0,26,5,5
BS0325,2026-10-29,A+,0,39,18,18
BS0326,2026-10-29,B+,4,29,6,10
BS0327,2026-10-29,O+,4,13,14,13
BS0328,2026-10-29,O-,1,25,12,13
BS0329,2026-10-29,AB+,0,40,3,3
BS0330,2026-10-29,A-,0,23,6,6
BS0331,2026-10-29,B-,0,14,8,8
BS0332,2026-10-29,AB-,0,17,13,13
BS0333,2026-10-30,A+,0,10,5,5
BS0334,2026-10-30,B+,0,39,9,9
BS0335,2026-10-30,O+,5,32,15,20
BS0336,2026-10-30,O-,0,32,17,17
BS0337,2026-10-30,AB+,0,20,15,15
BS0338,2026-10-30,A-,0,15,16,15
BS0339,2026-10-30,B-,0,39,16,16
BS0340,2026-10-30,AB-,0,26,16,16
BS0341,2026-10-31,A+,0,17,6,6
BS0342,2026-10-31,B+,0,13,5,5
BS0343,2026-10-31,O+,0,25,16,16
BS0344,2026-10-31,O-,0,11,18,11
BS0345,2026-10-31,AB+,0,10,6,6
BS0346,2026-10-31,A-,1,31,16,17
BS0347,2026-10-31,B-,0,14,3,3
BS0348,2026-10-31,AB-,0,27,11,11
BS0349,2026-11-01,A+,0,34,17,17
BS0350,2026-11-01,B+,0,42,16,16
BS0351,2026-11-01,O+,0,36,12,12
BS0352,2026-11-01,O-,7,16,8,15
BS0353,2026-11-01,AB+,0,13,8,8
BS0354,2026-11-01,A-,0,25,16,16
BS0355,2026-11-01,B-,0,18,12,12
BS0356,2026-11-01,AB-,0,41,7,7
BS0357,2026-11-02,A+,0,11,15,11
BS0358,2026-11-02,B+,0,21,9,9
BS0359,2026-11-02,O+,0,13,12,12
BS0360,2026-11-02,O-,0,20,15,15
BS0361,2026-11-02,AB+,0,23,8,8
BS0362,2026-11-02,A-,0,14,18,14
BS0363,2026-11-02,B-,0,17,14,14
BS0364,2026-11-02,AB-,0,34,18,18
BS0365,2026-11-03,A+,4,26,8,12
BS0366,2026-11-03,B+,0,40,11,11
BS0367,2026-11-03,O+,0,13,10,10
BS0368,2026-11-03,O-,0,37,17,17
BS0369,2026-11-03,AB+,0,40,3,3
BS0370,2026-11-03,A-,4,18,8,12
BS0371,2026-11-03,B-,0,32,10,10
BS0372,2026-11-03,AB-,0,23,18,18
BS0373,2026-11-04,A+,0,19,13,13
BS0374,2026-11-04,B+,0,12,14,12
BS0375,2026-11-04,O+,0,38,15,15
BS0376,2026-11-04,O-,0,32,18,18
BS0377,2026-11-04,AB+,0,34,4,4
BS0378,2026-11-04,A-,0,18,11,11
BS0379,2026-11-04,B-,0,13,3,3
BS0380,2026-11-04,AB-,0,20,12,12
BS0381,2026-11-05,A+,0,29,8,8
BS0382,2026-11-05,B+,2,13,15,13
BS0383,2026-11-05,O+,0,13,17,13
BS0384,2026-11-05,O-,0,15,11,11
BS0385,2026-11-05,AB+,0,16,7,7
BS0386,2026-11-05,A-,0,42,11,11
BS0387,2026-11-05,B-,0,38,3,3
BS0388,2026-11-05,AB-,0,11,4,4
BS0389,2026-11-06,A+,0,24,18,18
BS0390,2026-11-06,B+,4,12,12,12
BS0391,2026-11-06,O+,4,38,7,11
BS0392,2026-11-06,O-,0,21,6,6
BS0393,2026-11-06,AB+,0,26,10,10
BS0394,2026-11-06,A-,0,16,17,16
BS0395,2026-11-06,B-,0,21,12,12
BS0396,2026-11-06,AB-,0,26,14,14
BS0397,2026-11-07,A+,0,23,14,14
BS0398,2026-11-07,B+,4,12,18,12
BS0399,2026-11-07,O+,0,32,3,3
BS0400,2026-11-07,O-,0,17,17,17
BS0401,2026-11-07,AB+,0,33,9,9
BS0402,2026-11-07,A-,1,35,13,14
BS0403,2026-11-07,B-,0,29,12,12
BS0404,2026-11-07,AB-,0,27,6,6
BS0405,2026-11-08,A+,0,27,13,13
BS0406,2026-11-08,B+,10,42,5,15
BS0407,2026-11-08,O+,0,33,7,7
BS0408,2026-11-08,O-,0,26,3,3
BS0409,2026-11-08,AB+,0,15,4,4
BS0410,2026-11-08,A-,0,16,9,9
BS0411,2026-11-08,B-,0,29,17,17
BS0412,2026-11-08,AB-,0,28,16,16
BS0413,2026-11-09,A+,0,18,10,10
BS0414,2026-11-09,B+,0,12,10,10
BS0415,2026-11-09,O+,0,29,8,8
BS0416,2026-11-09,O-,0,12,6,6
BS0417,2026-11-09,AB+,0,15,16,15
BS0418,2026-11-09,A-,0,17,15,15
BS0419,2026-11-09,B-,0,22,7,7
BS0420,2026-11-09,AB-,0,25,4,4
BS0421,2026-11-10,A+,0,27,5,5
BS0422,2026-11-10,B+,0,27,11,11
BS0423,2026-11-10,O+,0,23,3,3
BS0424,2026-11-10,O-,0,16,11,11
BS0425,2026-11-10,AB+,1,39,3,4
BS0426,2026-11-10,A-,0,22,12,12
BS0427,2026-11-10,B-,0,30,5,5
BS0428,2026-11-10,AB-,0,40,4,4
BS0429,2026-11-11,A+,0,36,8,8
BS0430,2026-11-11,B+,0,36,16,16
BS0431,2026-11-11,O+,0,30,5,5
BS0432,2026-11-11,O-,0,33,15,15
BS0433,2026-11-11,AB+,0,19,14,14
BS0434,2026-11-11,A-,0,17,14,14
BS0435,2026-11-11,B-,0,36,15,15
BS0436,2026-11-11,AB-,0,20,10,10
BS0437,2026-11-12,A+,0,34,9,9
BS0438,2026-11-12,B+,0,15,7,7
BS0439,2026-11-12,O+,0,35,4,4
BS0440,2026-11-12,O-,0,36,8,8
BS0441,2026-11-12,AB+,0,19,4,4
BS0442,2026-11-12,A-,0,39,17,17
BS0443,2026-11-12,B-,0,30,4,4
BS0444,2026-11-12,AB-,0,23,17,17
BS0445,2026-11-13,A+,0,33,3,3
BS0446,2026-11-13,B+,0,29,5,5
BS0447,2026-11-13,O+,0,21,3,3
BS0448,2026-11-13,O-,0,32,9,9
BS0449,2026-11-13,AB+,0,17,15,15
BS0450,2026-11-13,A-,0,26,6,6
BS0451,2026-11-13,B-,0,29,7,7
BS0452,2026-11-13,AB-,0,33,9,9
BS0453,2026-11-14,A+,0,36,10,10
BS0454,2026-11-14,B+,0,12,16,12
BS0455,2026-11-14,O+,0,40,10,10
BS0456,2026-11-14,O-,0,37,10,10
BS0457,2026-11-14,AB+,0,39,6,6
BS0458,2026-11-14,A-,0,40,17,17
BS0459,2026-11-14,B-,0,40,3,3
BS0460,2026-11-14,AB-,0,15,17,15
BS0461,2026-11-15,A+,0,27,10,10
BS0462,2026-11-15,B+,4,31,11,15
BS0463,2026-11-15,O+,0,19,5,5
BS0464,2026-11-15,O-,0,37,3,3
BS0465,2026-11-15,AB+,0,18,11,11
BS0466,2026-11-15,A-,0,29,18,18
BS0467,2026-11-15,B-,0,19,16,16
BS0468,2026-11-15,AB-,2,31,16,18
BS0469,2026-11-16,A+,0,35,5,5
BS0470,2026-11-16,B+,0,34,9,9
BS0471,2026-11-16,O+,0,10,10,10
BS0472,2026-11-16,O-,0,31,8,8
BS0473,2026-11-16,AB+,0,12,18,12
BS0474,2026-11-16,A-,0,21,7,7
BS0475,2026-11-16,B-,0,26,15,15
BS0476,2026-11-16,AB-,0,31,12,12
BS0477,2026-11-17,A+,0,27,15,15
BS0478,2026-11-17,B+,0,25,16,16
BS0479,2026-11-17,O+,0,24,13,13
BS0480,2026-11-17,O-,0,23,17,17
BS0481,2026-11-17,AB+,6,12,10,12
BS0482,2026-11-17,A-,0,23,15,15
BS0483,2026-11-17,B-,0,24,7,7
BS0484,2026-11-17,AB-,0,26,16,16
BS0485,2026-11-18,A+,0,35,14,14
BS0486,2026-11-18,B+,0,41,14,14
BS0487,2026-11-18,O+,0,33,7,7
BS0488,2026-11-18,O-,0,39,3,3
BS0489,2026-11-18,AB+,4,41,16,20
BS0490,2026-11-18,A-,0,32,7,7
BS0491,2026-11-18,B-,0,18,17,17
BS0492,2026-11-18,AB-,0,33,12,12
BS0493,2026-11-19,A+,0,27,10,10
BS0494,2026-11-19,B+,0,32,4,4
BS0495,2026-11-19,O+,0,42,4,4
BS0496,2026-11-19,O-,0,39,17,17
BS0497,2026-11-19,AB+,0,11,4,4
BS0498,2026-11-19,A-,0,41,15,15
BS0499,2026-11-19,B-,0,31,15,15
BS0500,2026-11-19,AB-,0,24,4,4
BS0501,2026-11-20,A+,0,38,11,11
BS0502,2026-11-20,B+,0,13,18,13
BS0503,2026-11-20,O+,0,42,5,5
BS0504,2026-11-20,O-,0,34,15,15
BS0505,2026-11-20,AB+,0,41,9,9
BS0506,2026-11-20,A-,0,12,12,12
BS0507,2026-11-20,B-,0,27,14,14
BS0508,2026-11-20,AB-,0,12,13,12
BS0509,2026-11-21,A+,0,30,13,13
BS0510,2026-11-21,B+,5,19,5,10
BS0511,2026-11-21,O+,0,23,4,4
BS0512,2026-11-21,O-,0,41,13,13
BS0513,2026-11-21,AB+,0,42,13,13
BS0514,2026-11-21,A-,0,15,15,15
BS0515,2026-11-21,B-,0,22,7,7
BS0516,2026-11-21,AB-,1,14,4,5
BS0517,2026-11-22,A+,0,30,13,13
BS0518,2026-11-22,B+,0,18,16,16
BS0519,2026-11-22,O+,0,13,7,7
BS0520,2026-11-22,O-,0,23,16,16
BS0521,2026-11-22,AB+,0,32,9,9
BS0522,2026-11-22,A-,0,34,16,16
BS0523,2026-11-22,B-,0,17,12,12
BS0524,2026-11-22,AB-,0,41,4,4
BS0525,2026-11-23,A+,0,35,10,10
BS0526,2026-11-23,B+,0,12,17,12
BS0527,2026-11-23,O+,0,34,4,4
BS0528,2026-11-23,O-,0,15,17,15
BS0529,2026-11-23,AB+,0,27,14,14
BS0530,2026-11-23,A-,0,28,18,18
BS0531,2026-11-23,B-,0,26,4,4
BS0532,2026-11-23,AB-,0,25,18,18
BS0533,2026-11-24,A+,0,11,6,6
BS0534,2026-11-24,B+,5,14,17,14
BS0535,2026-11-24,O+,0,34,15,15
BS0536,2026-11-24,O-,2,29,10,12
BS0537,2026-11-24,AB+,0,18,10,10
BS0538,2026-11-24,A-,0,38,14,14
BS0539,2026-11-24,B-,0,28,10,10
BS0540,2026-11-24,AB-,0,25,18,18
BS0541,2026-11-25,A+,0,31,17,17
BS0542,2026-11-25,B+,8,22,16,22
BS0543,2026-11-25,O+,0,28,16,16
BS0544,2026-11-25,O-,0,26,15,15
BS0545,2026-11-25,AB+,0,37,17,17
BS0546,2026-11-25,A-,0,14,3,3
BS0547,2026-11-25,B-,0,26,11,11
BS0548,2026-11-25,AB-,0,31,10,10
BS0549,2026-11-26,A+,0,25,12,12
BS0550,2026-11-26,B+,2,34,18,20
BS0551,2026-11-26,O+,0,34,3,3
BS0552,2026-11-26,O-,0,28,15,15
BS0553,2026-11-26,AB+,0,18,16,16
BS0554,2026-11-26,A-,0,16,15,15
BS0555,2026-11-26,B-,0,32,10,10
BS0556,2026-11-26,AB-,0,38,9,9
BS0557,2026-11-27,A+,0,16,14,14
BS0558,2026-11-27,B+,0,36,14,14
BS0559,2026-11-27,O+,0,37,17,17
BS0560,2026-11-27,O-,0,40,18,18
BS0561,2026-11-27,AB+,0,20,12,12
BS0562,2026-11-27,A-,0,15,18,15
BS0563,2026-11-27,B-,0,19,9,9
BS0564,2026-11-27,AB-,0,23,5,5
BS0565,2026-11-28,A+,0,35,13,13
BS0566,2026-11-28,B+,0,15,7,7
BS0567,2026-11-28,O+,0,41,7,7
BS0568,2026-11-28,O-,0,13,14,13
BS0569,2026-11-28,AB+,0,16,12,12
BS0570,2026-11-28,A-,3,19,3,6
BS0571,2026-11-28,B-,0,29,11,11
BS0572,2026-11-28,AB-,0,28,13,13
BS0573,2026-11-29,A+,0,39,13,13
BS0574,2026-11-29,B+,0,23,18,18
BS0575,2026-11-29,O+,0,24,18,18
BS0576,2026-11-29,O-,1,36,6,7
BS0577,2026-11-29,AB+,0,11,16,11
BS0578,2026-11-29,A-,0,37,16,16
BS0579,2026-11-29,B-,0,10,18,10
BS0580,2026-11-29,AB-,0,29,12,12
BS0581,2026-11-30,A+,0,29,15,15
BS0582,2026-11-30,B+,0,10,4,4
BS0583,2026-11-30,O+,0,16,4,4
BS0584,2026-11-30,O-,0,15,17,15
BS0585,2026-11-30,AB+,5,25,9,14
BS0586,2026-11-30,A-,0,30,16,16
BS0587,2026-11-30,B-,8,11,14,11
BS0588,2026-11-30,AB-,0,24,18,18
BS0589,2026-12-01,A+,0,24,16,16
BS0590,2026-12-01,B+,0,42,8,8
BS0591,2026-12-01,O+,0,28,15,15
BS0592,2026-12-01,O-,2,15,14,15
BS0593,2026-12-01,AB+,0,21,15,15
BS0594,2026-12-01,A-,0,15,13,13
BS0595,2026-12-01,B-,11,30,8,19
BS0596,2026-12-01,AB-,0,18,12,12
BS0597,2026-12-02,A+,0,34,8,8
BS0598,2026-12-02,B+,0,31,15,15
BS0599,2026-12-02,O+,0,14,15,14
BS0600,2026-12-02,O-,1,40,11,12
BS0601,2026-12-02,AB+,0,35,15,15
BS0602,2026-12-02,A-,0,24,12,12
BS0603,2026-12-02,B-,0,13,3,3
BS0604,2026-12-02,AB-,0,37,11,11
BS0605,2026-12-03,A+,0,10,12,10
BS0606,2026-12-03,B+,0,27,6,6
BS0607,2026-12-03,O+,1,25,5,6
BS0608,2026-12-03,O-,0,15,13,13
BS0609,2026-12-03,AB+,0,38,6,6
BS0610,2026-12-03,A-,0,37,6,6
BS0611,2026-12-03,B-,0,17,7,7
BS0612,2026-12-03,AB-,0,36,8,8
BS0613,2026-12-04,A+,2,33,12,14
BS0614,2026-12-04,B+,0,26,10,10
BS0615,2026-12-04,O+,0,29,3,3
BS0616,2026-12-04,O-,0,24,16,16
BS0617,2026-12-04,AB+,0,34,5,5
BS0618,2026-12-04,A-,0,36,18,18
BS0619,2026-12-04,B-,0,32,8,8
BS0620,2026-12-04,AB-,0,26,15,15
BS0621,2026-12-05,A+,0,30,12,12
BS0622,2026-12-05,B+,0,42,9,9
BS0623,2026-12-05,O+,0,22,3,3
BS0624,2026-12-05,O-,0,13,18,13
BS0625,2026-12-05,AB+,0,12,7,7
BS0626,2026-12-05,A-,0,34,8,8
BS0627,2026-12-05,B-,0,42,9,9
BS0628,2026-12-05,AB-,0,32,6,6
BS0629,2026-12-06,A+,0,36,12,12
BS0630,2026-12-06,B+,0,30,10,10
BS0631,2026-12-06,O+,0,16,15,15
BS0632,2026-12-06,O-,5,19,16,19
BS0633,2026-12-06,AB+,0,29,14,14
BS0634,2026-12-06,A-,0,12,8,8
BS0635,2026-12-06,B-,0,26,10,10
BS0636,2026-12-06,AB-,0,41,17,17
BS0637,2026-12-07,A+,0,29,5,5
BS0638,2026-12-07,B+,0,18,4,4
BS0639,2026-12-07,O+,0,21,17,17
BS0640,2026-12-07,O-,2,13,10,12
BS0641,2026-12-07,AB+,0,20,13,13
BS0642,2026-12-07,A-,0,19,6,6
BS0643,2026-12-07,B-,0,40,9,9
BS0644,2026-12-07,AB-,0,27,14,14
BS0645,2026-12-08,A+,0,26,6,6
BS0646,2026-12-08,B+,0,28,9,9
BS0647,2026-12-08,O+,0,21,5,5
BS0648,2026-12-08,O-,0,18,18,18
BS0649,2026-12-08,AB+,0,32,6,6
BS0650,2026-12-08,A-,0,42,3,3
BS0651,2026-12-08,B-,0,17,4,4
BS0652,2026-12-08,AB-,0,34,5,5
BS0653,2026-12-09,A+,0,41,9,9
BS0654,2026-12-09,B+,0,13,10,10
BS0655,2026-12-09,O+,0,14,18,14
BS0656,2026-12-09,O-,0,29,11,11
BS0657,2026-12-09,AB+,0,23,16,16
BS0658,2026-12-09,A-,0,31,14,14
BS0659,2026-12-09,B-,0,41,17,17
BS0660,2026-12-09,AB-,0,22,6,6
BS0661,2026-12-10,A+,0,34,17,17
BS0662,2026-12-10,B+,0,39,3,3
BS0663,2026-12-10,O+,4,11,13,11
BS0664,2026-12-10,O-,0,23,14,14
BS0665,2026-12-10,AB+,0,27,9,9
BS0666,2026-12-10,A-,0,33,17,17
BS0667,2026-12-10,B-,0,22,5,5
BS0668,2026-12-10,AB-,0,30,15,15
BS0669,2026-12-11,A+,0,36,11,11
BS0670,2026-12-11,B+,0,16,11,11
BS0671,2026-12-11,O+,6,21,12,18
BS0672,2026-12-11,O-,0,34,8,8
BS0673,2026-12-11,AB+,0,19,5,5
BS0674,2026-12-11,A-,0,34,17,17
BS0675,2026-12-11,B-,0,31,18,18
BS0676,2026-12-11,AB-,0,38,4,4
BS0677,2026-12-12,A+,0,18,17,17
BS0678,2026-12-12,B+,0,34,5,5
BS0679,2026-12-12,O+,0,41,9,9
BS0680,2026-12-12,O-,0,18,13,13
BS0681,2026-12-12,AB+,0,19,6,6
BS0682,2026-12-12,A-,0,37,15,15
BS0683,2026-12-12,B-,0,34,18,18
BS0684,2026-12-12,AB-,0,35,12,12
BS0685,2026-12-13,A+,0,36,12,12
BS0686,2026-12-13,B+,0,32,7,7
BS0687,2026-12-13,O+,0,24,11,11
BS0688,2026-12-13,O-,0,18,4,4
BS0689,2026-12-13,AB+,0,33,5,5
BS0690,2026-12-13,A-,0,25,14,14
BS0691,2026-12-13,B-,0,15,4,4
BS0692,2026-12-13,AB-,0,32,5,5
BS0693,2026-12-14,A+,0,37,10,10
BS0694,2026-12-14,B+,0,31,14,14
BS0695,2026-12-14,O+,0,20,5,5
BS0696,2026-12-14,O-,0,35,17,17
BS0697,2026-12-14,AB+,0,22,10,10
BS0698,2026-12-14,A-,0,23,12,12
BS0699,2026-12-14,B-,0,10,3,3
BS0700,2026-12-14,AB-,0,36,18,18
BS0701,2026-12-15,A+,0,23,6,6
BS0702,2026-12-15,B+,0,13,6,6
BS0703,2026-12-15,O+,0,28,12,12
BS0704,2026-12-15,O-,0,18,6,6
BS0705,2026-12-15,AB+,0,31,6,6
BS0706,2026-12-15,A-,0,31,18,18
BS0707,2026-12-15,B-,0,33,9,9
BS0708,2026-12-15,AB-,0,31,12,12
BS0709,2026-12-16,A+,0,11,6,6
BS0710,2026-12-16,B+,0,40,16,16
BS0711,2026-12-16,O+,0,36,17,17
BS0712,2026-12-16,O-,0,35,5,5
BS0713,2026-12-16,AB+,0,31,8,8
BS0714,2026-12-16,A-,0,17,17,17
BS0715,2026-12-16,B-,0,28,4,4
BS0716,2026-12-16,AB-,0,34,15,15
BS0717,2026-12-17,A+,0,39,8,8
BS0718,2026-12-17,B+,0,39,11,11
BS0719,2026-12-17,O+,0,12,16,12
BS0720,2026-12-17,O-,0,14,17,14
BS0721,2026-12-17,AB+,0,11,14,11
BS0722,2026-12-17,A-,0,17,17,17
BS0723,2026-12-17,B-,0,29,7,7
BS0724,2026-12-17,AB-,0,28,8,8
BS0725,2026-12-18,A+,0,31,11,11
BS0726,2026-12-18,B+,0,37,5,5
BS0727,2026-12-18,O+,4,24,14,18
BS0728,2026-12-18,O-,3,24,16,19
BS0729,2026-12-18,AB+,3,33,13,16
BS0730,2026-12-18,A-,0,10,13,10
BS0731,2026-12-18,B-,0,37,16,16
BS0732,2026-12-18,AB-,0,28,4,4
BS0733,2026-12-19,A+,0,13,13,13
BS0734,2026-12-19,B+,0,40,3,3
BS0735,2026-12-19,O+,0,37,5,5
BS0736,2026-12-19,O-,0,37,16,16
BS0737,2026-12-19,AB+,0,21,15,15
BS0738,2026-12-19,A-,3,42,8,11
BS0739,2026-12-19,B-,0,10,14,10
BS0740,2026-12-19,AB-,0,10,5,5
BS0741,2026-12-20,A+,0,42,12,12
BS0742,2026-12-20,B+,0,27,11,11
BS0743,2026-12-20,O+,0,11,5,5
BS0744,2026-12-20,O-,0,34,12,12
BS0745,2026-12-20,AB+,0,21,11,11
BS0746,2026-12-20,A-,0,30,5,5
BS0747,2026-12-20,B-,4,35,6,10
BS0748,2026-12-20,AB-,0,19,8,8
BS0749,2026-12-21,A+,0,22,6,6
BS0750,2026-12-21,B+,0,35,5,5
BS0751,2026-12-21,O+,0,20,9,9
BS0752,2026-12-21,O-,0,30,4,4
BS0753,2026-12-21,AB+,0,37,13,13
BS0754,2026-12-21,A-,0,26,11,11
BS0755,2026-12-21,B-,0,35,5,5
BS0756,2026-12-21,AB-,0,20,17,17
BS0757,2026-12-22,A+,0,35,8,8
BS0758,2026-12-22,B+,0,31,8,8
BS0759,2026-12-22,O+,0,14,10,10
BS0760,2026-12-22,O-,0,33,6,6
BS0761,2026-12-22,AB+,0,39,15,15
BS0762,2026-12-22,A-,0,36,10,10
BS0763,2026-12-22,B-,0,32,10,10
BS0764,2026-12-22,AB-,0,41,8,8
BS0765,2026-12-23,A+,0,15,14,14
BS0766,2026-12-23,B+,0,11,11,11
BS0767,2026-12-23,O+,0,32,18,18
BS0768,2026-12-23,O-,0,12,3,3
BS0769,2026-12-23,AB+,0,40,11,11
BS0770,2026-12-23,A-,0,37,6,6
BS0771,2026-12-23,B-,0,12,10,10
BS0772,2026-12-23,AB-,0,28,17,17
BS0773,2026-12-24,A+,0,31,16,16
BS0774,2026-12-24,B+,0,33,16,16
BS0775,2026-12-24,O+,0,41,16,16
BS0776,2026-12-24,O-,0,31,15,15
BS0777,2026-12-24,AB+,0,42,13,13
BS0778,2026-12-24,A-,0,19,12,12
BS0779,2026-12-24,B-,0,32,14,14
BS0780,2026-12-24,AB-,0,13,7,7
BS0781,2026-12-25,A+,0,18,10,10
BS0782,2026-12-25,B+,0,18,17,17
BS0783,2026-12-25,O+,0,14,17,14
BS0784,2026-12-25,O-,0,22,14,14
BS0785,2026-12-25,AB+,0,25,8,8
BS0786,2026-12-25,A-,0,37,8,8
BS0787,2026-12-25,B-,0,33,15,15
BS0788,2026-12-25,AB-,0,35,13,13
BS0789,2026-12-26,A+,0,33,8,8
BS0790,2026-12-26,B+,0,36,13,13
BS0791,2026-12-26,O+,3,12,16,12
BS0792,2026-12-26,O-,0,34,12,12
BS0793,2026-12-26,AB+,0,10,13,10
BS0794,2026-12-26,A-,0,28,7,7
BS0795,2026-12-26,B-,0,15,5,5
BS0796,2026-12-26,AB-,0,13,3,3
BS0797,2026-12-27,A+,0,15,13,13
BS0798,2026-12-27,B+,0,42,8,8
BS0799,2026-12-27,O+,7,40,12,19
BS0800,2026-12-27,O-,0,11,12,11
BS0801,2026-12-27,AB+,3,27,12,15
BS0802,2026-12-27,A-,0,22,16,16
BS0803,2026-12-27,B-,0,22,14,14
BS0804,2026-12-27,AB-,0,19,6,6
BS0805,2026-12-28,A+,0,35,5,5
BS0806,2026-12-28,B+,0,41,4,4
BS0807,2026-12-28,O+,0,19,16,16
BS0808,2026-12-28,O-,1,29,14,15
BS0809,2026-12-28,AB+,0,23,5,5
BS0810,2026-12-28,A-,0,10,12,10
BS0811,2026-12-28,B-,0,22,15,15
BS0812,2026-12-28,AB-,0,26,15,15
BS0813,2026-12-29,A+,0,31,9,9
BS0814,2026-12-29,B+,0,38,8,8
BS0815,2026-12-29,O+,0,22,15,15
BS0816,2026-12-29,O-,0,15,4,4
BS0817,2026-12-29,AB+,0,14,5,5
BS0818,2026-12-29,A-,2,33,9,11
BS0819,2026-12-29,B-,0,19,10,10
BS0820,2026-12-29,AB-,0,37,4,4
BS0821,2026-12-30,A+,0,23,7,7
BS0822,2026-12-30,B+,0,30,18,18
BS0823,2026-12-30,O+,0,31,18,18
BS0824,2026-12-30,O-,0,10,13,10
BS0825,2026-12-30,AB+,0,10,17,10
BS0826,2026-12-30,A-,0,34,8,8
BS0827,2026-12-30,B-,0,32,16,16
BS0828,2026-12-30,AB-,0,27,18,18
BS0829,2026-12-31,A+,0,28,17,17
BS0830,2026-12-31,B+,0,18,3,3
BS0831,2026-12-31,O+,0,18,5,5
BS0832,2026-12-31,O-,3,34,7,10
BS0833,2026-12-31,AB+,7,39,8,15
BS0834,2026-12-31,A-,0,39,8,8
BS0835,2026-12-31,B-,0,37,16,16
BS0836,2026-12-31,AB-,0,30,8,8
BS0837,2027-01-01,A+,0,26,18,18
BS0838,2027-01-01,B+,0,23,14,14
BS0839,2027-01-01,O+,0,14,8,8
BS0840,2027-01-01,O-,0,37,4,4
BS0841,2027-01-01,AB+,0,29,14,14
BS0842,2027-01-01,A-,0,23,5,5
BS0843,2027-01-01,B-,0,35,13,13
BS0844,2027-01-01,AB-,0,28,6,6
BS0845,2027-01-02,A+,0,26,5,5
BS0846,2027-01-02,B+,0,36,10,10
BS0847,2027-01-02,O+,0,29,10,10
BS0848,2027-01-02,O-,0,14,16,14
BS0849,2027-01-02,AB+,0,39,5,5
BS0850,2027-01-02,A-,0,21,17,17
BS0851,2027-01-02,B-,0,39,16,16
BS0852,2027-01-02,AB-,0,10,4,4
BS0853,2027-01-03,A+,0,22,11,11
BS0854,2027-01-03,B+,0,17,11,11
BS0855,2027-01-03,O+,0,16,6,6
BS0856,2027-01-03,O-,2,25,13,15
BS0857,2027-01-03,AB+,0,14,7,7
BS0858,2027-01-03,A-,0,38,11,11
BS0859,2027-01-03,B-,0,21,17,17
BS0860,2027-01-03,AB-,0,31,11,11
BS0861,2027-01-04,A+,0,42,11,11
BS0862,2027-01-04,B+,0,23,7,7
BS0863,2027-01-04,O+,0,23,12,12
BS0864,2027-01-04,O-,0,41,8,8
BS0865,2027-01-04,AB+,0,36,4,4
BS0866,2027-01-04,A-,0,14,15,14
BS0867,2027-01-04,B-,0,20,15,15
BS0868,2027-01-04,AB-,0,10,4,4
BS0869,2027-01-05,A+,0,14,9,9
BS0870,2027-01-05,B+,0,21,17,17
BS0871,2027-01-05,O+,0,33,5,5
BS0872,2027-01-05,O-,0,18,7,7
BS0873,2027-01-05,AB+,0,11,4,4
BS0874,2027-01-05,A-,1,14,18,14
BS0875,2027-01-05,B-,0,31,9,9
BS0876,2027-01-05,AB-,0,39,9,9
BS0877,2027-01-06,A+,0,35,10,10
BS0878,2027-01-06,B+,0,22,14,14
BS0879,2027-01-06,O+,0,18,7,7
BS0880,2027-01-06,O-,0,22,6,6
BS0881,2027-01-06,AB+,0,21,11,11
BS0882,2027-01-06,A-,5,33,10,15
BS0883,2027-01-06,B-,0,17,9,9
BS0884,2027-01-06,AB-,0,29,13,13
BS0885,2027-01-07,A+,0,17,18,17
BS0886,2027-01-07,B+,0,39,13,13
BS0887,2027-01-07,O+,0,41,7,7
BS0888,2027-01-07,O-,0,29,18,18
BS0889,2027-01-07,AB+,0,40,17,17
BS0890,2027-01-07,A-,0,32,18,18
BS0891,2027-01-07,B-,0,41,11,11
BS0892,2027-01-07,AB-,0,15,5,5
BS0893,2027-01-08,A+,1,40,13,14
BS0894,2027-01-08,B+,0,16,16,16
BS0895,2027-01-08,O+,0,42,5,5
BS0896,2027-01-08,O-,0,37,7,7
BS0897,2027-01-08,AB+,0,31,17,17
BS0898,2027-01-08,A-,0,23,5,5
BS0899,2027-01-08,B-,0,38,11,11
BS0900,2027-01-08,AB-,0,36,17,17
BS0901,2027-01-09,A+,0,21,12,12
BS0902,2027-01-09,B+,0,37,5,5
BS0903,2027-01-09,O+,0,33,16,16
BS0904,2027-01-09,O-,0,11,11,11
BS0905,2027-01-09,AB+,0,14,8,8
BS0906,2027-01-09,A-,0,31,12,12
BS0907,2027-01-09,B-,0,19,3,3
BS0908,2027-01-09,AB-,0,23,16,16
BS0909,2027-01-10,A+,0,40,11,11
BS0910,2027-01-10,B+,0,33,6,6
BS0911,2027-01-10,O+,0,29,15,15
BS0912,2027-01-10,O-,0,29,11,11
BS0913,2027-01-10,AB+,0,10,15,10
BS0914,2027-01-10,A-,0,22,7,7
BS0915,2027-01-10,B-,0,12,10,10
BS0916,2027-01-10,AB-,0,29,10,10
BS0917,2027-01-11,A+,0,32,15,15
BS0918,2027-01-11,B+,0,33,10,10
BS0919,2027-01-11,O+,0,14,12,12
BS0920,2027-01-11,O-,0,38,8,8
BS0921,2027-01-11,AB+,5,14,3,8
BS0922,2027-01-11,A-,0,17,9,9
BS0923,2027-01-11,B-,0,17,17,17
BS0924,2027-01-11,AB-,0,39,15,15
BS0925,2027-01-12,A+,0,21,3,3
BS0926,2027-01-12,B+,0,23,15,15
BS0927,2027-01-12,O+,0,35,11,11
BS0928,2027-01-12,O-,0,20,12,12
BS0929,2027-01-12,AB+,0,12,14,12
BS0930,2027-01-12,A-,0,12,13,12
BS0931,2027-01-12,B-,0,41,4,4
BS0932,2027-01-12,AB-,0,37,4,4
BS0933,2027-01-13,A+,0,39,4,4
BS0934,2027-01-13,B+,0,38,18,18
BS0935,2027-01-13,O+,0,34,18,18
BS0936,2027-01-13,O-,0,27,13,13
BS0937,2027-01-13,AB+,2,21,8,10
BS0938,2027-01-13,A-,1,10,13,10
BS0939,2027-01-13,B-,0,34,14,14
BS0940,2027-01-13,AB-,0,24,3,3
BS0941,2027-01-14,A+,0,23,15,15
BS0942,2027-01-14,B+,0,22,17,17
BS0943,2027-01-14,O+,0,20,13,13
BS0944,2027-01-14,O-,0,41,17,17
BS0945,2027-01-14,AB+,0,18,9,9
BS0946,2027-01-14,A-,4,30,17,21
BS0947,2027-01-14,B-,0,30,17,17
BS0948,2027-01-14,AB-,0,32,13,13
BS0949,2027-01-15,A+,0,11,3,3
BS0950,2027-01-15,B+,0,32,17,17
BS0951,2027-01-15,O+,0,33,9,9
BS0952,2027-01-15,O-,0,28,14,14
BS0953,2027-01-15,AB+,0,28,18,18
BS0954,2027-01-15,A-,0,41,13,13
BS0955,2027-01-15,B-,0,37,13,13
BS0956,2027-01-15,AB-,0,19,4,4
BS0957,2027-01-16,A+,0,25,12,12
BS0958,2027-01-16,B+,0,38,7,7
BS0959,2027-01-16,O+,0,19,5,5
BS0960,2027-01-16,O-,0,31,8,8
BS0961,2027-01-16,AB+,0,17,5,5
BS0962,2027-01-16,A-,0,26,3,3
BS0963,2027-01-16,B-,0,25,14,14
BS0964,2027-01-16,AB-,0,33,6,6
BS0965,2027-01-17,A+,0,25,8,8
BS0966,2027-01-17,B+,0,39,16,16
BS0967,2027-01-17,O+,0,11,6,6
BS0968,2027-01-17,O-,0,19,10,10
BS0969,2027-01-17,AB+,0,33,4,4
BS0970,2027-01-17,A-,0,14,11,11
BS0971,2027-01-17,B-,0,41,3,3
BS0972,2027-01-17,AB-,0,38,18,18
BS0973,2027-01-18,A+,0,38,3,3
BS0974,2027-01-18,B+,0,20,3,3
BS0975,2027-01-18,O+,0,39,9,9
BS0976,2027-01-18,O-,0,27,5,5
BS0977,2027-01-18,AB+,0,12,3,3
BS0978,2027-01-18,A-,0,24,10,10
BS0979,2027-01-18,B-,0,12,18,12
BS0980,2027-01-18,AB-,0,39,5,5
BS0981,2027-01-19,A+,0,11,10,10
BS0982,2027-01-19,B+,0,24,4,4
BS0983,2027-01-19,O+,0,39,3,3
BS0984,2027-01-19,O-,0,28,13,13
BS0985,2027-01-19,AB+,0,42,14,14
BS0986,2027-01-19,A-,0,15,17,15
BS0987,2027-01-19,B-,6,31,6,12
BS0988,2027-01-19,AB-,0,10,14,10
BS0989,2027-01-20,A+,0,24,16,16
BS0990,2027-01-20,B+,0,11,3,3
BS0991,2027-01-20,O+,0,40,11,11
BS0992,2027-01-20,O-,0,18,16,16
BS0993,2027-01-20,AB+,0,24,7,7
BS0994,2027-01-20,A-,2,29,11,13
BS0995,2027-01-20,B-,0,12,17,12
BS0996,2027-01-20,AB-,4,33,9,13
BS0997,2027-01-21,A+,0,36,8,8
BS0998,2027-01-21,B+,0,20,3,3
BS0999,2027-01-21,O+,0,14,15,14
BS1000,2027-01-21,O-,0,21,7,7
