Donor ID,Blood Group,Last Donation Date,Previous Donations,Alerts Received,Responses
D001,A+,2026-07-10,6,4,3
D002,B+,2026-06-22,4,3,2
D003,O+,2026-08-15,7,5,4
D004,O-,2026-07-01,3,4,2
D005,AB+,2026-05-18,5,2,1
D006,A-,2026-06-30,4,3,2
D007,B-,2026-08-12,6,4,3
D008,O+,2026-07-25,8,6,5
D009,A+,2026-08-05,3,2,1
D010,B+,2026-07-20,5,5,4
D011,O-,2026-06-11,4,3,1
D012,AB+,2026-07-28,6,4,3
D013,A-,2026-08-16,3,2,2
D014,B-,2026-07-09,5,3,2
D015,O+,2026-08-02,7,7,5
D016,A+,2026-06-14,4,3,2
D017,B+,2026-07-29,6,5,4
D018,O-,2026-08-06,2,2,1
D019,AB+,2026-06-21,5,4,3
D020,O+,2026-07-30,9,6,5
D0021,A+,2025-12-02,12,6,3
D0022,O-,2026-04-18,4,6,3
D0023,O-,2025-09-02,10,5,3
D0024,A-,2025-10-06,5,2,0
D0025,AB+,2025-07-30,10,4,2
D0026,AB-,2025-02-07,12,4,4
D0027,O-,2026-05-06,1,3,0
D0028,A+,2025-07-05,9,7,3
D0029,A+,2025-06-29,9,7,3
D0030,A+,2025-05-03,1,7,4
D0031,O-,2025-06-26,10,2,1
D0032,B+,2026-06-13,9,7,2
D0033,B-,2025-09-26,2,3,2
D0034,AB+,2026-02-05,1,1,1
D0035,O+,2026-03-06,8,7,7
D0036,AB-,2025-01-18,11,2,1
D0037,B+,2026-06-18,7,6,2
D0038,A-,2025-09-10,2,4,3
D0039,AB+,2025-06-30,2,3,1
D0040,O-,2026-02-22,9,6,2
D0041,O-,2025-07-27,11,5,3
D0042,B+,2025-12-31,8,4,1
D0043,O+,2025-02-25,4,4,4
D0044,A-,2025-05-05,11,2,0
D0045,AB+,2025-09-06,4,4,3
D0046,AB+,2025-12-20,11,5,2
D0047,O+,2025-11-07,5,6,2
D0048,O+,2025-09-01,5,3,2
D0049,A-,2025-05-31,12,1,1
D0050,AB+,2025-06-05,3,3,0
D0051,AB+,2025-07-09,12,1,1
D0052,O+,2025-11-01,1,3,2
D0053,B-,2026-06-01,3,3,2
D0054,O+,2025-08-28,2,1,0
D0055,O-,2026-05-15,7,3,3
D0056,A-,2025-01-26,9,1,1
D0057,A+,2025-08-08,12,3,1
D0058,A+,2026-03-05,8,3,1
D0059,B+,2026-06-06,6,2,2
D0060,O-,2025-09-05,11,7,6
D0061,AB+,2026-05-01,3,7,7
D0062,B-,2026-06-15,3,3,0
D0063,O+,2025-12-20,1,5,0
D0064,AB+,2026-03-27,6,1,0
D0065,A-,2025-06-10,9,4,2
D0066,B-,2025-03-24,7,5,2
D0067,AB-,2025-06-03,4,7,4
D0068,B+,2026-04-02,5,5,4
D0069,AB+,2025-01-14,4,5,5
D0070,AB-,2026-02-24,6,6,1
D0071,A-,2025-12-03,9,2,0
D0072,A+,2026-04-03,2,3,1
D0073,AB+,2025-11-22,5,4,1
D0074,B-,2025-08-21,10,2,2
D0075,B-,2026-04-30,6,7,4
D0076,O-,2025-01-08,1,4,1
D0077,AB+,2025-12-12,1,2,2
D0078,B-,2026-04-10,11,3,1
D0079,A+,2025-03-31,12,1,0
D0080,AB+,2025-03-14,1,5,1
D0081,AB+,2025-08-08,3,3,1
D0082,A-,2025-01-16,3,3,0
D0083,A-,2026-02-18,1,2,0
D0084,B+,2025-08-01,6,4,1
D0085,AB-,2026-03-26,4,3,1
D0086,AB+,2026-02-02,11,3,3
D0087,O+,2026-04-30,3,6,4
D0088,AB-,2026-03-06,8,1,1
D0089,A-,2025-05-23,2,5,3
D0090,A+,2026-02-04,3,6,3
D0091,O-,2026-07-23,3,6,0
D0092,A+,2025-02-04,9,2,1
D0093,AB+,2026-01-01,3,6,3
D0094,B+,2026-07-05,10,2,1
D0095,B+,2025-05-31,4,3,3
D0096,A-,2026-02-12,2,4,2
D0097,B-,2026-01-21,9,2,0
D0098,AB-,2025-06-28,9,7,5
D0099,AB+,2025-05-04,7,4,0
D0100,B+,2025-10-15,8,1,0
D0101,O-,2026-01-26,7,1,1
D0102,AB+,2026-07-21,4,3,1
D0103,A+,2026-06-22,1,2,2
D0104,O+,2025-03-29,5,6,4
D0105,AB-,2025-08-17,7,5,2
D0106,AB+,2026-02-26,7,7,4
D0107,AB-,2025-03-04,5,3,0
D0108,A-,2025-11-08,5,6,2
D0109,A+,2026-06-03,11,5,5
D0110,B-,2025-07-05,10,7,4
D0111,AB-,2025-09-20,12,7,4
D0112,A-,2025-12-29,7,7,6
D0113,AB-,2025-03-18,11,6,2
D0114,O-,2025-03-04,3,2,2
D0115,A+,2025-06-30,10,1,0
D0116,B+,2025-10-15,1,1,0
D0117,O+,2025-02-17,9,3,3
D0118,O+,2025-06-15,8,7,2
D0119,O-,2025-05-22,12,6,3
D0120,B+,2025-06-14,5,3,0
D0121,B-,2026-04-23,8,2,2
D0122,B+,2025-08-20,4,7,3
D0123,B+,2026-04-04,2,7,1
D0124,A+,2026-03-26,11,5,1
D0125,A+,2025-07-06,3,2,2
D0126,O+,2025-11-27,1,1,0
D0127,AB+,2025-01-22,12,4,3
D0128,AB+,2026-06-10,8,7,4
D0129,AB+,2025-07-02,5,1,1
D0130,B+,2025-05-24,4,2,1
D0131,AB-,2025-08-25,12,3,0
D0132,O-,2025-11-19,5,1,1
D0133,A+,2026-04-20,9,3,1
D0134,B-,2026-06-22,5,2,0
D0135,O-,2026-04-23,8,4,2
D0136,O-,2026-06-24,5,3,1
D0137,AB+,2026-03-07,1,2,2
D0138,O-,2026-03-11,7,4,2
D0139,A-,2025-02-15,11,4,2
D0140,AB-,2026-06-02,4,5,3
D0141,O-,2025-02-05,8,2,2
D0142,A+,2025-01-06,10,7,3
D0143,B-,2026-02-22,1,3,2
D0144,AB+,2026-03-13,1,7,6
D0145,O-,2025-12-27,10,5,2
D0146,A-,2025-06-13,11,6,4
D0147,A-,2025-12-07,8,4,4
D0148,AB-,2025-07-04,2,2,1
D0149,B-,2025-04-08,3,4,2
D0150,AB-,2026-04-25,5,7,6
D0151,O+,2025-08-26,6,6,1
D0152,O+,2025-08-23,10,4,4
D0153,O-,2025-03-21,4,5,4
D0154,AB+,2025-04-09,5,5,3
D0155,AB-,2025-03-01,4,5,4
D0156,AB+,2025-09-17,7,1,0
D0157,O+,2025-10-05,4,3,0
D0158,A+,2025-04-14,4,3,1
D0159,B-,2025-09-17,5,1,1
D0160,B-,2026-04-26,5,1,0
D0161,B+,2025-11-07,1,6,0
D0162,A-,2025-03-06,11,2,2
D0163,O-,2025-05-31,3,1,0
D0164,A+,2025-05-16,8,6,6
D0165,O-,2025-03-05,2,1,1
D0166,A+,2026-07-13,7,2,2
D0167,O+,2026-07-14,3,6,0
D0168,B+,2025-04-03,11,6,5
D0169,O-,2025-10-24,9,4,3
D0170,O-,2025-02-05,4,2,1
D0171,A-,2025-06-16,7,5,4
D0172,O+,2026-03-17,2,5,3
D0173,AB+,2026-02-13,7,2,0
D0174,AB-,2025-05-22,1,3,2
D0175,A+,2025-11-16,5,4,3
D0176,AB-,2025-04-22,11,5,2
D0177,O-,2025-08-08,6,7,4
D0178,A-,2026-04-30,6,6,1
D0179,B-,2025-06-23,5,2,0
D0180,A+,2025-10-18,6,5,5
D0181,AB+,2025-10-18,8,6,2
D0182,O-,2026-07-11,3,4,1
D0183,B+,2025-09-23,7,2,2
D0184,A-,2025-07-20,3,6,2
D0185,O+,2025-12-09,12,3,2
D0186,B-,2025-11-12,4,5,4
D0187,A-,2025-05-08,7,3,2
D0188,B-,2025-11-22,12,3,2
D0189,A-,2025-04-18,12,7,4
D0190,AB+,2026-03-26,11,7,1
D0191,B-,2026-03-06,12,7,1
D0192,O+,2025-04-18,6,6,5
D0193,O-,2025-05-22,10,7,5
D0194,A-,2026-06-10,7,2,2
D0195,O+,2026-04-26,3,5,4
D0196,A-,2025-08-24,2,6,4
D0197,B-,2025-04-06,8,6,2
D0198,O+,2025-07-21,1,7,4
D0199,A+,2026-05-14,6,2,2
D0200,A+,2025-02-28,1,7,3
D0201,B+,2025-10-11,12,2,0
D0202,A+,2026-07-17,10,2,2
D0203,A-,2025-09-16,4,4,1
D0204,A+,2025-07-19,6,2,2
D0205,O+,2026-03-06,4,2,0
D0206,O-,2026-04-02,3,2,0
D0207,B+,2025-11-24,2,1,0
D0208,AB+,2025-02-17,7,5,5
D0209,B-,2026-06-22,6,6,4
D0210,B+,2026-02-04,8,4,3
D0211,B+,2025-12-24,10,2,2
D0212,O-,2025-09-04,12,6,3
D0213,AB+,2026-01-17,8,4,4
D0214,B+,2025-07-04,6,7,6
D0215,B-,2025-10-04,1,3,3
D0216,A-,2025-07-11,5,2,2
D0217,AB-,2025-07-09,3,2,1
D0218,A-,2025-12-03,5,6,4
D0219,O-,2025-11-08,1,3,2
D0220,AB+,2026-01-27,1,3,1
D0221,A-,2026-04-24,2,6,1
D0222,B+,2026-03-04,11,6,3
D0223,B+,2025-09-01,2,6,2
D0224,O-,2026-04-09,3,1,0
D0225,O-,2026-05-02,3,6,0
D0226,O+,2026-01-24,4,4,1
D0227,A+,2025-05-06,11,5,0
D0228,O-,2025-06-03,5,7,3
D0229,O+,2025-02-24,9,3,1
D0230,A+,2025-07-30,9,3,2
D0231,B-,2025-11-24,3,3,1
D0232,AB-,2025-10-21,1,1,0
D0233,A-,2025-07-01,8,5,4
D0234,A+,2026-04-16,4,3,3
D0235,O+,2025-11-26,5,5,1
D0236,AB+,2025-08-18,9,7,3
D0237,O+,2026-03-02,2,7,1
D0238,B+,2026-04-02,11,1,0
D0239,A-,2025-07-03,10,7,0
D0240,B-,2026-03-18,1,6,5
D0241,AB+,2025-12-14,7,6,4
D0242,AB+,2025-08-06,7,1,1
D0243,A-,2026-02-20,12,2,0
D0244,B+,2025-09-07,5,6,3
D0245,O-,2025-09-16,4,2,1
D0246,AB+,2025-10-30,8,6,2
D0247,AB-,2025-07-06,1,3,2
D0248,A+,2025-07-19,6,2,0
D0249,AB+,2025-06-26,12,3,2
D0250,A+,2026-01-10,4,1,0
D0251,AB+,2025-08-05,3,7,3
D0252,A-,2026-01-30,6,3,2
D0253,AB+,2025-06-22,9,3,1
D0254,O-,2025-08-11,8,4,3
D0255,A-,2025-06-15,8,4,4
D0256,AB-,2026-07-23,5,4,1
D0257,B-,2025-10-12,7,5,4
D0258,AB-,2026-01-04,12,1,1
D0259,AB-,2025-12-22,2,5,1
D0260,O-,2025-06-16,12,7,3
D0261,AB-,2026-03-27,8,6,2
D0262,B-,2025-05-06,9,1,0
D0263,A+,2025-07-31,9,5,5
D0264,B-,2026-07-21,9,3,2
D0265,AB-,2025-06-05,9,4,2
D0266,B-,2025-01-21,9,1,1
D0267,B-,2026-06-11,10,1,1
D0268,O+,2025-12-03,1,7,2
D0269,B-,2026-01-14,5,7,1
D0270,B-,2025-04-14,12,6,3
D0271,AB+,2025-02-11,12,1,0
D0272,AB-,2025-08-12,1,2,0
D0273,A-,2025-04-15,11,1,0
D0274,B+,2025-04-16,6,3,1
D0275,A-,2026-03-04,6,2,2
D0276,B-,2025-11-07,5,7,5
D0277,A+,2025-01-31,4,5,2
D0278,AB+,2026-07-09,2,2,1
D0279,B+,2026-06-15,5,3,1
D0280,O+,2025-10-07,6,3,2
D0281,O-,2025-06-04,8,4,1
D0282,B+,2026-01-02,8,2,1
D0283,AB+,2025-11-02,4,5,3
D0284,A-,2026-03-01,7,3,3
D0285,B-,2025-09-19,12,7,5
D0286,B+,2026-01-24,1,5,1
D0287,AB-,2025-01-18,3,2,0
D0288,B+,2025-10-13,4,3,2
D0289,O+,2025-04-10,12,3,1
D0290,A-,2026-06-22,4,5,2
D0291,A-,2025-03-22,7,5,5
D0292,AB-,2025-07-17,2,6,4
D0293,B+,2025-10-07,12,2,0
D0294,A+,2026-01-12,1,6,1
D0295,A+,2025-08-13,9,2,0
D0296,A-,2026-06-28,1,1,0
D0297,O+,2025-01-09,2,6,5
D0298,A-,2026-01-25,3,3,2
D0299,AB-,2025-01-11,3,1,1
D0300,A+,2026-03-30,4,1,0
D0301,B-,2026-06-23,5,4,3
D0302,AB+,2025-03-13,11,1,0
D0303,O-,2026-01-22,6,6,3
D0304,O-,2025-09-27,3,2,1
D0305,AB+,2026-01-27,12,1,1
D0306,A-,2025-07-19,5,1,0
D0307,AB+,2025-09-16,5,5,2
D0308,A+,2025-12-31,8,6,3
D0309,A-,2025-11-02,7,6,5
D0310,A-,2026-07-18,5,3,2
D0311,B-,2026-03-18,12,3,0
D0312,B-,2026-03-29,3,1,1
D0313,B+,2025-08-01,6,3,2
D0314,B-,2026-01-24,2,7,5
D0315,B+,2026-01-15,6,5,4
D0316,O-,2026-01-18,4,6,3
D0317,AB-,2025-09-20,5,7,5
D0318,A-,2026-07-03,8,6,2
D0319,AB-,2025-08-23,8,6,2
D0320,O-,2026-06-18,12,1,0
D0321,AB+,2025-04-26,9,1,1
D0322,B+,2026-07-22,7,3,2
D0323,O+,2025-06-13,8,1,0
D0324,O+,2026-03-17,11,6,4
D0325,B-,2025-08-30,3,7,5
D0326,AB+,2026-03-25,11,3,2
D0327,A-,2025-09-22,7,7,2
D0328,O+,2026-07-16,12,7,2
D0329,A+,2026-05-03,10,1,0
D0330,O-,2025-10-14,5,3,1
D0331,A-,2025-10-25,6,4,3
D0332,B+,2026-07-12,12,6,4
D0333,B+,2026-01-11,12,7,3
D0334,B-,2025-03-19,7,1,1
D0335,A+,2026-03-06,7,4,3
D0336,A+,2026-07-15,10,1,0
D0337,AB+,2025-12-20,5,3,2
D0338,B-,2025-11-09,12,7,4
D0339,O+,2025-09-21,11,3,1
D0340,B-,2025-03-30,11,5,1
D0341,A-,2026-05-29,7,6,4
D0342,A+,2025-12-03,1,2,1
D0343,B-,2026-06-26,3,5,5
D0344,AB-,2025-08-29,2,3,3
D0345,B+,2025-12-06,10,2,2
D0346,B-,2025-04-25,5,7,2
D0347,A+,2025-08-08,4,7,2
D0348,AB-,2026-05-06,5,6,1
D0349,A-,2025-11-08,4,3,2
D0350,A-,2025-11-07,3,5,5
D0351,B-,2025-08-14,9,4,1
D0352,AB-,2025-06-26,1,1,1
D0353,B-,2025-12-26,8,2,0
D0354,AB-,2025-11-11,3,6,4
D0355,AB-,2026-04-26,7,6,3
D0356,AB+,2025-10-10,5,5,3
D0357,B+,2025-03-08,9,4,3
D0358,AB+,2026-03-28,2,6,4
D0359,A+,2026-01-12,1,5,3
D0360,O-,2026-05-20,4,3,3
D0361,O-,2025-03-06,9,7,2
D0362,AB+,2026-03-30,9,3,1
D0363,B+,2025-03-01,5,7,7
D0364,A+,2025-08-21,5,3,1
D0365,O+,2025-11-29,11,2,2
D0366,A+,2025-08-08,10,3,2
D0367,AB+,2025-06-13,11,4,2
D0368,B-,2026-05-08,4,1,0
D0369,A+,2025-12-18,6,7,3
D0370,AB+,2025-12-05,1,3,1
D0371,AB+,2026-03-23,6,5,4
D0372,O-,2025-05-04,8,7,6
D0373,B+,2025-03-11,11,5,0
D0374,O+,2025-07-07,7,4,3
D0375,O-,2025-12-17,2,1,0
D0376,A-,2025-03-02,7,6,5
D0377,A+,2025-12-14,3,3,3
D0378,AB+,2025-08-01,9,6,0
D0379,O+,2025-10-14,7,1,0
D0380,AB+,2025-07-03,3,7,3
D0381,B-,2025-03-07,3,1,0
D0382,A-,2026-05-13,12,5,1
D0383,AB-,2026-04-03,7,7,5
D0384,A+,2026-06-05,6,7,6
D0385,AB-,2025-02-27,10,2,2
D0386,AB-,2025-09-12,4,5,2
D0387,B-,2025-03-21,1,5,3
D0388,AB+,2025-11-12,9,3,2
D0389,O-,2025-04-09,8,7,3
D0390,A-,2026-01-27,4,3,2
D0391,B-,2025-06-18,2,7,0
D0392,O-,2026-01-28,1,2,2
D0393,AB+,2026-03-20,8,6,2
D0394,AB-,2025-08-05,6,5,2
D0395,B-,2025-10-05,8,1,0
D0396,A+,2025-12-26,6,2,1
D0397,O+,2026-03-25,9,1,1
D0398,A+,2025-08-11,2,6,0
D0399,B-,2025-07-26,11,3,1
D0400,O+,2025-04-04,1,5,3
D0401,O-,2026-02-06,8,6,3
D0402,A+,2025-02-03,5,1,1
D0403,O-,2026-03-28,8,7,6
D0404,AB-,2025-08-09,2,4,2
D0405,O+,2026-02-08,3,6,6
D0406,O-,2025-01-05,8,2,1
D0407,B+,2025-07-21,12,5,3
D0408,B+,2026-01-07,12,6,0
D0409,B-,2025-03-15,10,6,4
D0410,O-,2026-06-15,12,3,0
D0411,AB-,2025-02-26,5,1,1
D0412,B+,2026-01-11,5,3,0
D0413,O+,2026-01-13,7,3,0
D0414,B-,2025-08-14,11,3,2
D0415,B+,2026-03-06,9,7,6
D0416,B-,2026-07-15,4,1,0
D0417,B-,2025-09-19,6,3,1
D0418,B-,2025-03-06,7,7,3
D0419,A+,2026-04-02,7,7,4
D0420,AB-,2025-08-17,2,6,6
D0421,AB+,2026-01-28,3,3,3
D0422,AB-,2025-08-12,6,1,1
D0423,AB-,2025-12-17,2,2,1
D0424,AB-,2025-08-01,2,6,2
D0425,A+,2026-06-10,3,6,6
D0426,B-,2025-10-03,9,5,4
D0427,AB-,2025-04-10,3,1,0
D0428,A-,2025-06-18,2,1,0
D0429,A-,2026-06-20,9,3,1
D0430,AB-,2026-05-03,5,1,0
D0431,A-,2025-07-14,12,5,3
D0432,AB-,2026-06-28,12,1,1
D0433,AB+,2026-02-08,10,3,2
D0434,AB+,2026-06-13,9,2,2
D0435,O+,2025-09-13,8,2,2
D0436,O+,2025-12-08,10,7,4
D0437,A-,2025-09-16,9,6,4
D0438,B+,2026-03-13,5,7,4
D0439,AB+,2025-12-01,3,5,2
D0440,AB-,2026-07-20,10,1,0
D0441,AB+,2026-05-14,5,4,2
D0442,O+,2025-09-28,9,4,1
D0443,AB-,2025-07-14,7,3,1
D0444,B-,2025-01-17,2,4,2
D0445,O+,2025-12-10,4,2,1
D0446,AB+,2025-02-19,4,2,2
D0447,AB-,2025-09-08,6,4,2
D0448,AB+,2025-11-02,2,1,1
D0449,A-,2025-05-29,6,1,0
D0450,A-,2025-06-24,8,5,3
D0451,O+,2026-05-12,9,4,4
D0452,O-,2025-09-27,10,1,1
D0453,B+,2025-04-24,1,1,1
D0454,B-,2026-05-28,3,7,4
D0455,B-,2026-01-24,3,1,1
D0456,AB-,2025-04-04,2,4,3
D0457,B+,2025-09-18,4,7,2
D0458,O+,2025-02-18,11,7,2
D0459,A-,2026-01-22,6,5,3
D0460,O+,2025-01-17,3,2,1
D0461,AB+,2025-01-04,2,4,1
D0462,AB-,2025-01-13,4,6,2
D0463,AB-,2025-03-03,9,4,3
D0464,AB+,2026-01-29,11,7,4
D0465,B+,2025-09-16,8,2,0
D0466,AB+,2026-01-15,2,3,3
D0467,A+,2025-12-20,5,4,2
D0468,A-,2025-08-19,8,5,3
D0469,A+,2025-03-31,3,1,0
D0470,B-,2025-06-07,9,2,1
D0471,O-,2025-10-05,9,7,4
D0472,AB-,2025-01-09,9,5,4
D0473,AB+,2025-09-08,12,2,0
D0474,AB+,2025-01-17,1,1,1
D0475,B+,2025-12-16,9,2,2
D0476,AB+,2025-09-15,7,6,6
D0477,B-,2025-01-15,6,3,1
D0478,AB+,2025-09-23,10,4,2
D0479,A+,2026-04-03,2,6,2
D0480,O+,2025-12-20,12,4,1
D0481,AB+,2026-06-11,12,7,3
D0482,O-,2025-02-12,6,5,2
D0483,B+,2025-01-26,2,4,2
D0484,B+,2026-04-23,12,3,3
D0485,AB+,2025-08-30,6,2,2
D0486,AB+,2025-12-02,2,5,3
D0487,O-,2026-07-15,7,5,1
D0488,O+,2025-11-16,10,7,5
D0489,B-,2025-01-09,11,2,1
D0490,O+,2025-10-02,4,6,1
D0491,A+,2026-05-25,2,7,4
D0492,AB+,2025-12-07,2,6,4
D0493,O-,2025-10-19,8,5,5
D0494,O+,2026-01-21,5,2,0
D0495,O-,2026-05-18,2,6,5
D0496,O+,2025-04-23,4,4,2
D0497,A-,2026-04-02,6,1,1
D0498,A+,2026-06-30,3,2,2
D0499,AB-,2026-03-23,3,3,3
D0500,B+,2026-05-14,9,4,1
D0501,A-,2026-01-16,3,2,0
D0502,B+,2026-02-19,4,7,6
D0503,O-,2025-08-05,2,4,3
D0504,AB+,2025-08-17,10,3,2
D0505,A-,2025-02-12,12,5,3
D0506,B+,2026-04-09,11,7,4
D0507,O-,2025-11-13,6,6,5
D0508,AB-,2026-06-24,7,2,0
D0509,B-,2025-11-13,10,1,1
D0510,B+,2026-05-26,11,5,4
D0511,O-,2025-02-22,5,4,1
D0512,B+,2025-05-31,3,2,1
D0513,O-,2025-09-03,2,1,1
D0514,B-,2026-02-27,2,2,2
D0515,O+,2026-03-20,2,1,0
D0516,B+,2025-04-26,3,1,1
D0517,O+,2025-01-20,9,6,3
D0518,B+,2026-03-31,11,3,2
D0519,B-,2025-05-21,8,3,3
D0520,O-,2026-06-01,2,5,2
D0521,B-,2026-06-11,4,3,3
D0522,AB-,2026-04-06,11,4,3
D0523,A+,2026-06-01,1,5,4
D0524,AB-,2025-02-25,7,1,1
D0525,B+,2025-10-23,7,3,3
D0526,B-,2025-06-24,10,3,2
D0527,B+,2026-06-24,2,4,1
D0528,O+,2025-04-16,1,1,1
D0529,AB-,2025-04-06,11,5,3
D0530,B-,2025-03-05,10,4,3
D0531,O-,2026-05-15,12,6,3
D0532,O-,2025-11-05,3,4,2
D0533,B+,2025-10-10,4,1,1
D0534,A-,2026-01-27,2,3,1
D0535,O-,2025-06-23,9,6,1
D0536,O-,2025-08-24,6,2,0
D0537,AB+,2025-07-16,10,6,4
D0538,B+,2025-11-14,6,5,1
D0539,A+,2026-01-08,7,7,7
D0540,A+,2025-06-07,8,1,1
D0541,O+,2026-04-01,5,1,1
D0542,O+,2026-01-16,5,1,0
D0543,A-,2025-01-13,7,6,1
D0544,AB-,2025-11-09,12,5,2
D0545,B-,2026-06-08,2,5,2
D0546,AB+,2026-06-24,10,6,5
D0547,B+,2026-05-07,6,4,2
D0548,O-,2026-02-12,6,2,2
D0549,O+,2025-10-02,12,5,3
D0550,B+,2026-02-04,11,5,2
D0551,B+,2026-07-23,5,3,2
D0552,AB-,2025-03-26,1,7,6
D0553,B+,2026-03-11,10,6,4
D0554,A-,2025-11-12,12,6,6
D0555,O-,2025-10-24,11,1,0
D0556,B-,2026-05-22,8,2,0
D0557,O-,2025-06-01,10,4,2
D0558,O+,2026-04-20,12,4,3
D0559,AB-,2025-10-27,4,6,5
D0560,B+,2025-11-05,2,1,0
D0561,AB+,2026-02-27,8,6,2
D0562,AB-,2025-10-14,9,2,1
D0563,O+,2025-03-14,6,2,0
D0564,O-,2026-04-02,4,6,4
D0565,A-,2025-02-15,10,1,0
D0566,A-,2026-02-23,8,1,1
D0567,O-,2026-01-08,12,5,2
D0568,B-,2026-06-30,4,6,3
D0569,B-,2025-08-23,8,6,2
D0570,O-,2025-03-22,2,1,1
D0571,A-,2025-07-24,11,3,2
D0572,AB+,2025-06-28,7,4,3
D0573,A+,2026-06-25,2,4,1
D0574,AB-,2025-02-07,10,1,1
D0575,B-,2026-03-27,9,7,2
D0576,B+,2026-07-15,11,7,3
D0577,AB+,2026-03-08,10,1,1
D0578,AB-,2025-01-21,2,6,2
D0579,AB-,2026-06-14,9,2,1
D0580,A+,2025-01-14,2,7,2
D0581,AB+,2026-03-29,10,7,3
D0582,AB+,2025-03-21,8,4,3
D0583,A+,2025-12-11,8,4,3
D0584,B+,2025-01-09,6,7,4
D0585,B-,2025-06-12,12,3,3
D0586,A-,2025-02-15,9,3,3
D0587,B-,2025-12-20,3,1,0
D0588,O+,2025-07-20,8,2,1
D0589,B+,2025-04-09,4,6,0
D0590,A+,2026-02-23,12,3,1
D0591,AB-,2025-07-28,11,3,0
D0592,AB+,2025-06-29,12,7,7
D0593,B-,2026-04-08,5,3,2
D0594,A+,2025-09-02,7,1,1
D0595,O+,2025-08-25,9,5,5
D0596,AB+,2025-05-15,2,5,2
D0597,AB-,2026-04-11,5,3,3
D0598,A+,2025-08-14,5,7,5
D0599,B+,2025-10-27,5,4,2
D0600,A+,2026-02-24,5,1,1
D0601,A-,2026-05-20,11,1,1
D0602,AB-,2025-04-21,2,2,2
D0603,B+,2025-10-15,1,7,7
D0604,B-,2025-10-06,3,1,1
D0605,B-,2025-08-02,3,1,0
D0606,B+,2025-08-30,12,7,7
D0607,B+,2026-07-02,6,2,0
D0608,B-,2026-07-12,7,1,0
D0609,AB-,2026-05-19,12,4,4
D0610,A-,2025-09-16,9,2,2
D0611,A-,2026-05-05,4,1,0
D0612,B-,2025-03-12,4,7,1
D0613,A+,2026-04-19,2,7,6
D0614,O-,2026-02-08,10,3,3
D0615,A-,2025-08-24,3,1,0
D0616,AB-,2026-04-12,6,5,4
D0617,O-,2025-10-03,1,1,0
D0618,O+,2026-07-13,2,6,2
D0619,A-,2025-05-07,6,7,2
D0620,AB+,2025-08-10,5,3,2
D0621,B+,2025-04-15,12,3,3
D0622,B+,2025-06-21,12,7,6
D0623,AB-,2026-06-02,8,3,3
D0624,O-,2025-10-24,12,4,2
D0625,B+,2026-05-02,5,5,0
D0626,O+,2025-02-26,5,2,2
D0627,B-,2026-01-02,6,7,6
D0628,O+,2025-02-07,11,1,1
D0629,B-,2025-03-02,3,1,1
D0630,B+,2026-03-17,2,6,2
D0631,O+,2025-11-23,12,2,1
D0632,O+,2026-04-27,8,1,0
D0633,A+,2025-02-07,3,1,1
D0634,AB-,2025-05-08,11,7,3
D0635,A-,2026-01-09,5,4,4
D0636,A+,2026-07-16,12,2,2
D0637,AB+,2026-07-20,10,1,1
D0638,A+,2026-03-09,2,1,1
D0639,A+,2025-07-05,7,7,6
D0640,AB+,2026-02-19,12,2,1
D0641,B-,2026-04-10,5,1,1
D0642,B-,2025-07-02,6,7,2
D0643,B+,2026-04-10,4,4,2
D0644,A+,2025-01-10,1,6,5
D0645,A-,2026-06-14,4,1,0
D0646,B-,2025-06-02,10,5,2
D0647,AB+,2025-11-01,1,3,1
D0648,A-,2026-06-17,2,7,6
D0649,O-,2025-08-13,2,5,2
D0650,AB-,2025-07-14,10,6,2
D0651,B+,2026-03-19,11,1,0
D0652,AB-,2025-12-22,1,1,1
D0653,A-,2025-08-05,10,3,2
D0654,AB-,2026-04-09,6,5,3
D0655,O-,2026-01-24,8,4,4
D0656,A-,2025-12-20,10,3,1
D0657,A-,2026-02-05,5,1,0
D0658,B+,2025-02-14,1,1,1
D0659,B-,2025-04-21,11,7,3
D0660,A-,2026-07-05,9,2,0
D0661,AB-,2026-01-14,3,6,5
D0662,B-,2025-09-28,4,3,2
D0663,B-,2026-06-15,10,5,4
D0664,O-,2025-03-07,10,2,1
D0665,O-,2025-03-11,8,6,4
D0666,O-,2025-09-09,2,2,2
D0667,AB-,2025-09-13,8,4,3
D0668,AB+,2025-04-24,7,3,0
D0669,O-,2025-08-23,9,5,4
D0670,A-,2025-12-16,6,5,2
D0671,AB-,2025-01-04,12,1,0
D0672,B-,2025-12-03,5,5,3
D0673,B+,2025-05-08,12,1,1
D0674,AB+,2026-03-11,10,4,3
D0675,A-,2026-03-24,7,7,4
D0676,AB+,2025-03-29,3,2,0
D0677,A-,2026-05-25,9,1,0
D0678,O-,2025-08-06,1,3,1
D0679,B-,2025-11-03,3,6,6
D0680,A+,2026-07-14,6,4,2
D0681,A-,2025-12-01,10,4,2
D0682,B-,2026-01-18,1,1,1
D0683,A-,2025-06-24,6,6,4
D0684,A+,2025-02-21,1,7,3
D0685,B-,2025-01-20,8,2,0
D0686,O+,2025-09-22,5,7,5
D0687,O+,2025-10-17,1,3,1
D0688,B+,2025-11-20,3,2,0
D0689,AB-,2026-01-05,2,5,4
D0690,O-,2025-12-01,1,6,2
D0691,B+,2025-05-16,6,3,1
D0692,O+,2025-11-14,3,1,0
D0693,O+,2025-02-13,10,7,7
D0694,A-,2025-08-27,6,7,0
D0695,AB+,2025-06-24,4,3,1
D0696,O+,2025-09-25,2,6,6
D0697,A+,2025-01-06,3,3,1
D0698,AB+,2026-05-30,7,3,1
D0699,B-,2026-04-08,2,1,0
D0700,AB-,2026-01-16,10,1,0
D0701,AB-,2025-12-31,11,2,1
D0702,A+,2025-05-22,3,4,4
D0703,AB-,2026-02-16,6,2,1
D0704,A-,2026-06-14,10,1,0
D0705,AB+,2026-02-04,5,5,1
D0706,AB-,2026-04-08,8,4,1
D0707,B+,2026-04-18,12,4,1
D0708,O-,2025-09-30,3,1,0
D0709,AB-,2025-04-05,10,3,0
D0710,AB-,2026-02-02,1,5,4
D0711,O+,2025-04-10,5,5,4
D0712,A+,2025-04-27,8,1,1
D0713,B-,2026-02-27,8,3,0
D0714,A+,2025-01-27,7,3,3
D0715,B-,2025-05-24,5,1,1
D0716,B-,2026-03-29,10,1,1
D0717,AB+,2026-02-12,2,6,5
D0718,AB-,2025-12-19,12,2,1
D0719,A+,2026-04-22,11,7,1
D0720,B-,2025-06-16,1,4,1
D0721,B-,2025-11-25,5,3,2
D0722,B+,2025-05-07,3,4,0
D0723,A-,2026-02-03,12,5,3
D0724,AB+,2026-06-27,1,7,4
D0725,O-,2025-09-29,3,7,3
D0726,A-,2025-02-19,10,5,5
D0727,O+,2025-05-13,2,5,3
D0728,B+,2026-02-12,1,3,1
D0729,AB-,2025-09-30,10,3,1
D0730,AB-,2025-04-22,12,3,1
D0731,AB+,2025-10-04,9,1,1
D0732,AB+,2025-05-17,9,6,1
D0733,B+,2025-02-21,5,2,1
D0734,A-,2025-01-07,9,7,5
D0735,O+,2025-08-17,12,6,1
D0736,A-,2026-04-29,9,6,3
D0737,O-,2025-01-26,2,4,3
D0738,B-,2026-05-09,10,3,1
D0739,AB+,2026-05-26,2,5,4
D0740,A+,2025-05-22,3,1,1
D0741,O-,2025-09-23,2,1,0
D0742,O+,2025-08-26,7,6,6
D0743,AB-,2025-07-13,9,7,4
D0744,B-,2025-04-27,10,4,1
D0745,B-,2025-01-28,12,2,2
D0746,B-,2025-04-21,2,1,1
D0747,B-,2025-11-09,1,7,4
D0748,AB+,2026-05-14,2,3,0
D0749,B-,2026-02-25,5,3,2
D0750,O+,2025-06-22,5,3,0
D0751,A+,2025-04-26,10,1,0
D0752,A-,2026-01-10,8,7,5
D0753,AB+,2026-02-17,10,6,3
D0754,A+,2025-05-08,11,1,1
D0755,AB-,2025-12-14,4,6,3
D0756,B-,2026-07-21,1,2,2
D0757,A+,2025-10-07,8,1,1
D0758,B-,2025-08-22,12,2,0
D0759,O-,2026-03-15,4,2,1
D0760,A+,2026-05-04,12,5,1
D0761,AB-,2025-12-01,2,7,4
D0762,O-,2026-04-15,7,4,4
D0763,AB+,2025-03-09,9,4,1
D0764,A+,2025-04-16,7,4,3
D0765,B-,2025-07-07,8,4,3
D0766,O-,2025-12-12,9,6,3
D0767,A+,2025-04-10,6,7,7
D0768,B+,2025-07-29,10,1,0
D0769,AB+,2025-01-18,7,5,2
D0770,A+,2025-06-12,6,7,6
D0771,O+,2025-07-27,10,2,0
D0772,O-,2025-09-16,9,6,6
D0773,O+,2025-12-04,11,6,3
D0774,A+,2025-10-06,3,7,2
D0775,B+,2025-06-17,8,2,2
D0776,A+,2025-04-17,5,2,2
D0777,AB-,2026-05-27,1,4,4
D0778,O+,2025-01-12,12,7,7
D0779,B-,2026-04-17,3,2,2
D0780,A+,2025-03-04,10,7,3
D0781,A+,2026-01-25,12,7,4
D0782,AB-,2025-04-20,3,3,0
D0783,AB+,2026-06-11,1,2,1
D0784,AB-,2025-11-15,12,3,3
D0785,B-,2026-03-16,6,4,3
D0786,O+,2025-03-24,1,1,1
D0787,AB-,2026-07-15,12,2,1
D0788,B+,2026-03-15,7,5,5
D0789,A-,2025-01-01,9,2,2
D0790,O-,2025-02-16,1,6,2
D0791,AB+,2025-10-06,2,4,4
D0792,A-,2026-01-29,4,2,2
D0793,B+,2025-08-16,11,5,3
D0794,B-,2026-02-02,12,3,3
D0795,A-,2025-04-26,5,3,0
D0796,O+,2025-09-05,11,1,0
D0797,O+,2025-08-16,3,7,5
D0798,A-,2025-04-20,5,4,2
D0799,B-,2025-03-13,3,3,0
D0800,A+,2025-07-18,4,6,2
D0801,AB-,2025-10-19,3,3,3
D0802,A-,2025-03-08,10,3,2
D0803,A+,2025-01-16,3,2,0
D0804,A+,2025-08-16,2,4,2
D0805,B+,2025-07-02,2,3,2
D0806,A-,2026-07-21,8,1,1
D0807,A-,2026-04-13,2,4,2
D0808,A+,2026-01-14,1,6,1
D0809,B+,2025-09-10,7,1,1
D0810,B+,2025-02-16,2,3,2
D0811,AB+,2026-06-24,2,5,3
D0812,AB+,2025-01-17,2,3,2
D0813,AB-,2026-04-19,3,7,6
D0814,AB+,2026-06-08,6,2,1
D0815,B-,2025-08-27,2,4,2
D0816,O+,2026-06-07,1,4,0
D0817,AB-,2025-02-20,11,7,4
D0818,O+,2025-04-22,7,6,4
D0819,O+,2026-02-14,12,4,4
D0820,O-,2025-06-08,7,7,2
D0821,B-,2025-09-26,11,2,1
D0822,O+,2025-12-15,11,5,5
D0823,AB+,2026-07-15,10,2,0
D0824,A+,2025-04-16,5,4,1
D0825,O+,2026-05-03,11,7,3
D0826,A+,2025-07-29,11,2,2
D0827,B-,2025-05-02,3,6,1
D0828,A+,2026-05-17,2,5,1
D0829,B-,2026-06-28,5,3,1
D0830,AB+,2025-11-14,12,4,2
D0831,O+,2026-04-08,6,4,1
D0832,B+,2025-03-29,12,5,4
D0833,A+,2026-01-03,6,3,3
D0834,O+,2025-10-18,10,3,0
D0835,A+,2026-01-02,4,6,2
D0836,AB+,2026-06-15,11,1,1
D0837,O-,2026-02-23,3,4,1
D0838,A-,2025-03-18,5,3,1
D0839,A+,2026-06-24,10,2,0
D0840,B-,2025-09-26,6,1,1
D0841,O-,2026-01-13,8,7,3
D0842,O+,2026-06-05,12,5,2
D0843,B-,2026-02-03,11,3,1
D0844,O-,2026-01-08,5,4,1
D0845,AB+,2025-02-12,6,1,1
D0846,AB-,2026-07-23,4,1,0
D0847,B+,2025-08-18,12,6,1
D0848,AB+,2025-07-24,3,4,2
D0849,B-,2026-05-16,11,6,3
D0850,B-,2025-07-15,2,7,4
D0851,B+,2026-04-19,9,5,4
D0852,AB-,2026-03-01,1,6,3
D0853,O+,2026-03-01,1,2,2
D0854,O-,2026-04-23,1,6,6
D0855,AB-,2025-01-08,12,1,1
D0856,O+,2026-05-26,9,4,1
D0857,B-,2026-02-10,1,3,3
D0858,AB-,2025-03-01,1,4,3
D0859,A-,2025-06-12,4,7,7
D0860,A-,2025-10-28,8,7,1
D0861,AB-,2026-03-04,12,4,4
D0862,B-,2025-08-27,5,7,2
D0863,O+,2025-05-10,1,3,2
D0864,B-,2026-03-07,4,5,4
D0865,B-,2025-01-17,3,2,1
D0866,AB+,2026-05-30,3,5,4
D0867,A+,2025-11-07,7,1,0
D0868,A-,2025-08-04,12,4,0
D0869,A+,2025-05-25,10,6,1
D0870,O-,2025-11-08,3,3,3
D0871,O+,2026-07-03,7,3,3
D0872,A+,2026-07-17,9,4,1
D0873,O+,2026-05-10,2,3,0
D0874,B-,2026-07-01,6,6,3
D0875,A+,2025-06-05,1,5,3
D0876,AB-,2026-01-05,10,6,6
D0877,AB+,2025-07-21,12,1,0
D0878,O+,2026-01-04,12,4,1
D0879,AB+,2026-03-17,3,4,2
D0880,AB+,2025-05-20,6,4,4
D0881,B+,2025-07-25,8,5,4
D0882,O-,2026-03-28,9,5,2
D0883,B+,2025-05-03,7,1,0
D0884,B+,2025-08-12,12,1,0
D0885,O-,2026-03-27,5,3,3
D0886,A+,2026-01-25,3,7,4
D0887,O-,2026-02-24,9,1,0
D0888,AB+,2025-04-26,3,1,0
D0889,A+,2026-01-21,3,7,1
D0890,A+,2026-02-06,12,3,2
D0891,A+,2025-06-21,3,2,1
D0892,A+,2026-07-07,9,1,1
D0893,O+,2026-03-02,12,2,2
D0894,O-,2025-03-12,10,7,4
D0895,AB+,2026-06-06,5,7,7
D0896,A-,2026-04-27,5,6,1
D0897,O-,2025-03-09,2,7,1
D0898,B+,2025-06-25,2,4,3
D0899,B+,2025-03-20,6,1,1
D0900,B+,2025-01-03,8,5,3
D0901,B-,2026-06-09,3,7,5
D0902,O+,2026-06-22,1,5,3
D0903,A+,2026-06-19,2,4,2
D0904,AB-,2026-05-05,12,4,2
D0905,O-,2025-11-03,5,3,3
D0906,A-,2025-07-06,3,1,1
D0907,A+,2025-10-27,4,6,1
D0908,B-,2025-01-15,6,1,0
D0909,O+,2025-09-20,5,1,1
D0910,AB-,2026-05-10,12,6,2
D0911,B+,2026-06-28,7,5,1
D0912,AB-,2025-10-12,5,5,4
D0913,A+,2025-12-25,7,2,0
D0914,A-,2025-04-01,12,5,3
D0915,B+,2025-07-28,11,5,1
D0916,AB-,2026-06-17,1,2,1
D0917,B-,2025-06-16,5,4,4
D0918,O-,2025-01-21,9,1,0
D0919,B+,2025-08-17,11,5,4
D0920,B-,2026-02-04,4,2,2
D0921,AB+,2025-11-22,11,7,5
D0922,B-,2025-10-29,9,5,1
D0923,AB-,2025-06-22,11,3,0
D0924,AB-,2025-07-17,11,2,2
D0925,B-,2025-12-08,12,2,1
D0926,AB+,2025-12-13,3,2,1
D0927,AB-,2025-08-09,10,7,3
D0928,O+,2025-11-23,9,5,3
D0929,A-,2025-08-31,3,1,0
D0930,A+,2026-07-04,6,5,1
D0931,A+,2025-06-01,6,3,3
D0932,O-,2025-06-06,6,4,0
D0933,B-,2025-04-30,7,6,5
D0934,O+,2026-06-13,1,6,3
D0935,AB-,2026-03-02,8,2,1
D0936,A+,2025-04-19,6,6,3
D0937,AB+,2025-02-13,8,3,0
D0938,AB+,2026-04-15,5,5,3
D0939,O+,2025-08-14,4,4,3
D0940,O+,2026-04-21,10,7,6
D0941,O-,2025-11-12,2,1,0
D0942,A+,2026-03-19,2,3,2
D0943,AB-,2026-06-27,10,3,1
D0944,AB-,2025-01-14,6,7,6
D0945,AB+,2025-09-27,8,7,2
D0946,A+,2026-07-21,10,1,0
D0947,AB-,2025-12-04,4,5,3
D0948,B-,2025-12-02,3,7,6
D0949,AB-,2025-01-30,2,1,0
D0950,O+,2026-01-15,5,2,0
D0951,B+,2026-06-17,8,7,4
D0952,A+,2025-05-11,2,6,0
D0953,AB+,2026-03-10,6,3,2
D0954,A-,2025-11-17,1,3,3
D0955,AB-,2025-03-29,6,6,2
D0956,O+,2026-05-23,5,7,0
D0957,A-,2025-05-09,8,1,1
D0958,O+,2026-06-02,6,1,0
D0959,A+,2025-05-05,12,1,0
D0960,A+,2026-02-20,9,4,1
D0961,A-,2026-03-27,1,4,3
D0962,B+,2025-08-06,9,2,2
D0963,O-,2026-03-31,1,7,3
D0964,O-,2026-01-19,10,1,1
D0965,B-,2025-02-01,4,6,2
D0966,B-,2025-06-01,10,3,2
D0967,O-,2026-01-21,11,1,0
D0968,O+,2025-06-15,12,6,6
D0969,O+,2025-01-07,8,3,2
D0970,AB+,2025-11-29,3,1,1
D0971,A+,2026-02-14,1,2,0
D0972,O+,2026-05-23,12,3,0
D0973,O+,2026-06-03,7,5,1
D0974,O-,2025-06-30,2,2,2
D0975,B-,2026-01-08,12,2,1
D0976,A-,2025-12-13,7,3,0
D0977,A+,2025-07-16,1,5,1
D0978,A+,2026-07-01,2,6,5
D0979,AB+,2025-10-19,9,6,5
D0980,A+,2025-12-18,1,3,1
D0981,A-,2025-03-07,9,5,2
D0982,AB+,2026-02-23,7,6,4
D0983,O-,2025-04-12,10,1,1
D0984,A-,2025-12-04,2,1,1
D0985,O+,2025-06-25,3,7,4
D0986,B+,2026-06-03,12,3,2
D0987,B-,2026-03-22,3,6,1
D0988,A-,2025-02-19,8,6,3
D0989,B+,2026-02-05,9,7,4
D0990,O+,2026-07-01,6,7,7
D0991,O-,2025-03-08,12,2,1
D0992,A-,2026-07-03,6,4,4
D0993,A-,2026-01-31,5,1,0
D0994,O-,2025-03-12,12,2,1
D0995,AB+,2026-07-02,10,2,1
D0996,O+,2025-12-01,9,3,1
D0997,A+,2026-06-17,12,6,2
D0998,AB+,2026-06-12,11,6,4
D0999,O-,2025-11-01,11,4,3
D1000,B-,2025-02-15,11,7,2
